team_name,player_role,map_played,match_type,kills,assists,deaths,accuracy_percent,reaction_time_ms,fatigue_index,performance_score,win_probability,mvp_award
Titan Esports,Flex,Dust Arena,Playoff,18,6,7,40.43,192.28,0.52,50.02,0.83,No
Titan Esports,Support,Neon City,Final,16,7,11,40.5,201.98,0.68,41.45,0.89,No
Team Alpha,Support,Neon City,Semi-Final,14,7,15,36.93,172.5,0.27,35.77,0.81,No
Team Nova,IGL,Desert Storm,Final,12,6,13,53.46,246.83,0.07,43.03,1.0,No
Phantom Squad,Sniper,Skyline,Playoff,13,9,13,44.71,266.94,0.52,39.16,0.85,No
Team Alpha,Sniper,Frozen Base,Qualifier,9,8,8,44.51,247.46,0.8,32.25,0.86,No
Team Nova,Sniper,Desert Storm,Semi-Final,15,7,10,41.84,211.33,0.34,44.52,0.93,No
Team Nova,IGL,Desert Storm,Final,15,7,11,48.23,214.23,0.14,48.71,1.0,No
Red Vortex,Sniper,Dust Arena,Qualifier,12,9,7,58.65,246.21,0.02,55.12,0.9,No
Phantom Squad,Flex,Desert Storm,Playoff,17,8,10,45.55,210.27,0.9,45.77,0.94,No
Red Vortex,Flex,Dust Arena,Qualifier,21,10,12,46.4,183.49,0.69,56.3,0.94,No
Team Alpha,Entry Fragger,Frozen Base,Qualifier,18,9,13,50.25,212.06,0.2,55.12,1.0,No
Titan Esports,Flex,Dust Arena,Playoff,18,7,16,41.38,243.31,0.39,43.79,0.89,No
Team Alpha,Entry Fragger,Dust Arena,Semi-Final,11,12,8,51.85,229.13,0.91,42.82,0.95,No
Phantom Squad,Support,Frozen Base,Group Stage,15,9,10,50.49,171.62,0.03,53.95,0.95,No
Team Alpha,Sniper,Dust Arena,Playoff,15,4,10,42.32,159.25,0.8,37.16,0.89,No
Phantom Squad,Flex,Dust Arena,Final,12,6,6,59.12,232.15,0.66,46.96,1.0,No
Titan Esports,IGL,Skyline,Qualifier,16,4,3,58.21,233.31,0.47,57.41,1.0,No
Titan Esports,Support,Frozen Base,Qualifier,9,6,9,54.31,220.31,0.66,35.55,0.84,No
Titan Esports,Flex,Neon City,Group Stage,16,9,12,45.49,246.55,0.02,51.55,0.97,No
Red Vortex,Flex,Dust Arena,Semi-Final,19,11,9,49.38,213.93,0.86,56.09,1.0,No
Titan Esports,IGL,Dust Arena,Group Stage,18,8,17,41.48,195.45,0.29,44.84,1.0,No
Team Alpha,Support,Skyline,Group Stage,13,7,15,49.91,260.74,0.1,41.95,0.94,No
Phantom Squad,IGL,Desert Storm,Qualifier,17,9,13,40.94,245.73,0.11,49.37,0.98,No
Red Vortex,Flex,Frozen Base,Playoff,15,4,12,44.13,232.05,0.29,41.16,0.88,No
Phantom Squad,Flex,Neon City,Playoff,25,9,12,48.66,256.01,0.9,62.33,1.0,Yes
Titan Esports,Sniper,Skyline,Group Stage,6,9,12,52.6,202.69,0.68,28.5,0.86,No
Team Alpha,Flex,Dust Arena,Semi-Final,14,4,11,56.81,216.56,0.41,45.3,1.0,No
Phantom Squad,IGL,Dust Arena,Group Stage,12,14,11,47.66,197.55,0.52,45.63,0.97,No
Team Nova,IGL,Neon City,Playoff,20,7,7,57.41,168.07,0.44,64.3,1.0,Yes
CyberX,Flex,Skyline,Semi-Final,21,12,8,44.02,217.74,0.13,66.71,1.0,Yes
Team Nova,Support,Dust Arena,Qualifier,11,6,8,37.48,176.98,0.36,35.14,0.83,No
Team Nova,Support,Skyline,Final,15,6,8,39.11,237.39,0.21,45.45,0.93,No
Team Nova,Support,Dust Arena,Qualifier,16,8,9,26.58,195.68,0.38,40.49,0.81,No
Team Nova,Support,Neon City,Group Stage,11,10,6,56.17,180.71,0.57,48.39,0.84,No
CyberX,IGL,Neon City,Group Stage,9,5,5,49.5,202.7,0.17,41.05,0.99,No
Red Vortex,Entry Fragger,Desert Storm,Semi-Final,16,7,11,35.89,228.03,0.48,41.15,0.85,No
Phantom Squad,IGL,Frozen Base,Final,13,9,6,45.38,222.6,0.57,45.99,0.94,No
Titan Esports,IGL,Dust Arena,Group Stage,19,9,13,39.59,153.09,0.3,50.8,1.0,No
CyberX,IGL,Desert Storm,Semi-Final,12,9,11,58.41,225.46,0.15,49.7,1.0,No
Team Alpha,Entry Fragger,Frozen Base,Semi-Final,13,7,14,55.3,206.66,0.15,45.15,1.0,No
Phantom Squad,Flex,Desert Storm,Final,18,10,11,37.62,213.91,0.87,45.11,0.96,No
Team Nova,Flex,Dust Arena,Playoff,22,11,6,45.45,252.83,0.59,65.82,1.0,Yes
Team Nova,IGL,Skyline,Group Stage,13,3,15,43.93,258.1,0.45,31.47,0.73,No
CyberX,Sniper,Dust Arena,Qualifier,11,8,12,38.61,215.06,1.0,27.3,1.0,No
Titan Esports,Sniper,Desert Storm,Final,8,4,10,45.47,261.66,0.44,28.34,0.52,No
Phantom Squad,Entry Fragger,Frozen Base,Group Stage,14,8,6,44.29,220.9,0.22,49.94,1.0,No
Phantom Squad,Entry Fragger,Frozen Base,Group Stage,19,9,8,35.97,229.78,0.42,52.78,0.9,No
Team Alpha,Flex,Desert Storm,Playoff,13,10,14,45.91,224.51,0.43,40.66,1.0,No
Phantom Squad,Support,Desert Storm,Qualifier,12,7,11,50.38,280.17,0.83,36.89,0.94,No
Team Alpha,Flex,Dust Arena,Group Stage,11,11,5,40.11,177.8,0.29,45.16,1.0,No
Phantom Squad,Flex,Desert Storm,Final,12,7,11,37.93,209.43,0.08,38.17,0.91,No
Red Vortex,Sniper,Skyline,Final,18,9,15,44.4,238.62,0.19,50.3,1.0,No
Team Alpha,Sniper,Neon City,Qualifier,17,9,10,45.96,206.04,0.83,47.68,1.0,No
CyberX,IGL,Neon City,Playoff,12,5,10,53.25,175.43,0.89,36.73,0.73,No
CyberX,Entry Fragger,Neon City,Playoff,13,10,8,49.68,189.88,0.04,52.44,0.95,No
Titan Esports,Entry Fragger,Skyline,Final,14,10,16,47.31,293.66,0.23,43.36,0.88,No
Team Nova,IGL,Desert Storm,Playoff,11,10,13,40.21,226.09,0.59,33.21,0.68,No
Red Vortex,IGL,Skyline,Final,16,10,9,44.73,273.84,0.08,54.56,1.0,No
Team Alpha,Flex,Skyline,Final,15,17,6,36.51,199.31,0.82,51.05,1.0,No
Red Vortex,Support,Skyline,Final,19,5,11,42.54,226.57,0.76,45.67,1.0,No
Titan Esports,IGL,Dust Arena,Group Stage,13,7,11,45.38,205.6,0.87,35.99,0.87,No
Titan Esports,Support,Desert Storm,Playoff,18,3,10,40.56,276.43,0.27,46.58,0.84,No
Red Vortex,IGL,Frozen Base,Playoff,11,10,15,43.58,182.45,0.86,30.19,0.95,No
Team Nova,Flex,Dust Arena,Group Stage,11,10,5,39.59,274.03,0.2,44.8,0.87,No
Team Alpha,Flex,Desert Storm,Qualifier,16,4,9,44.89,172.48,0.69,42.55,1.0,No
Team Alpha,Sniper,Skyline,Semi-Final,9,6,8,43.02,199.54,0.03,37.21,0.85,No
Red Vortex,Support,Desert Storm,Final,10,7,16,39.14,274.36,0.87,21.87,0.75,No
Team Alpha,Flex,Neon City,Final,13,8,4,36.75,204.12,0.79,40.48,0.9,No
Team Alpha,Sniper,Frozen Base,Final,16,7,7,62.14,231.98,0.74,55.67,1.0,No
Red Vortex,IGL,Dust Arena,Qualifier,14,11,7,56.01,243.31,0.13,58.7,1.0,No
Red Vortex,Support,Skyline,Group Stage,11,10,7,47.09,253.23,0.13,47.25,0.9,No
Team Alpha,Entry Fragger,Frozen Base,Group Stage,26,6,7,38.29,235.62,0.17,68.44,1.0,Yes
Team Nova,Entry Fragger,Skyline,Final,16,4,16,61.61,216.07,0.93,41.5,0.81,No
Red Vortex,Flex,Skyline,Final,13,4,17,43.93,252.58,0.52,29.77,1.0,No
CyberX,Support,Frozen Base,Playoff,10,9,10,43.88,226.03,0.03,40.64,1.0,No
CyberX,Sniper,Frozen Base,Qualifier,22,8,11,43.05,248.92,0.33,59.23,1.0,No
Team Alpha,IGL,Neon City,Group Stage,14,3,9,49.56,193.45,0.45,42.28,1.0,No
Team Nova,Flex,Frozen Base,Final,12,8,10,35.75,174.02,0.4,35.88,0.96,No
Team Nova,Support,Dust Arena,Playoff,16,5,8,64.52,169.21,0.28,58.46,1.0,No
Team Alpha,IGL,Frozen Base,Group Stage,13,7,12,59.77,226.67,0.11,49.79,0.84,No
Phantom Squad,Entry Fragger,Dust Arena,Final,25,9,11,48.52,182.68,0.78,64.46,1.0,Yes
Team Nova,Flex,Neon City,Semi-Final,12,9,5,54.8,268.7,0.55,49.9,0.94,No
Team Alpha,Entry Fragger,Frozen Base,Semi-Final,16,9,12,34.04,208.63,0.09,45.12,0.93,No
CyberX,IGL,Neon City,Group Stage,21,5,13,53.25,223.26,0.65,54.12,0.84,No
Titan Esports,IGL,Skyline,Playoff,13,10,10,47.99,267.5,0.35,46.5,0.93,No
Team Alpha,Support,Neon City,Semi-Final,17,10,13,49.03,237.47,0.71,48.41,0.91,No
Phantom Squad,Support,Skyline,Group Stage,9,12,13,34.35,237.05,0.3,31.17,0.87,No
Red Vortex,Entry Fragger,Dust Arena,Group Stage,8,12,10,42.03,190.23,0.07,38.31,0.89,No
Team Alpha,Sniper,Frozen Base,Qualifier,13,7,13,49.24,224.46,0.98,34.82,0.81,No
CyberX,Sniper,Frozen Base,Final,12,4,13,52.6,175.45,0.53,36.0,0.76,No
Team Alpha,Entry Fragger,Desert Storm,Final,20,6,9,43.33,203.61,0.54,53.27,1.0,No
Team Alpha,Sniper,Frozen Base,Playoff,11,9,10,54.35,194.11,0.48,43.38,0.8,No
Team Nova,Flex,Dust Arena,Semi-Final,14,10,11,32.09,228.3,0.61,36.95,0.95,No
Team Nova,Entry Fragger,Desert Storm,Final,8,5,12,34.22,190.85,0.35,22.61,0.79,No
Red Vortex,Support,Desert Storm,Semi-Final,11,4,8,54.26,177.35,0.21,43.03,1.0,No
Red Vortex,Entry Fragger,Frozen Base,Qualifier,10,13,7,31.1,161.56,0.61,35.45,0.83,No
Team Alpha,Sniper,Neon City,Group Stage,12,14,6,42.79,244.38,0.21,51.29,1.0,No
Titan Esports,Support,Dust Arena,Semi-Final,15,12,7,55.3,207.32,0.2,60.65,1.0,Yes
Team Nova,Sniper,Neon City,Qualifier,16,5,12,48.16,216.37,0.33,45.78,1.0,No
Titan Esports,Flex,Skyline,Playoff,10,10,11,40.59,296.75,0.64,32.9,0.84,No
Team Alpha,IGL,Skyline,Qualifier,16,7,8,39.5,248.43,0.52,45.55,1.0,No
Phantom Squad,Sniper,Skyline,Group Stage,14,9,11,43.19,191.22,0.84,39.2,1.0,No
CyberX,Entry Fragger,Frozen Base,Qualifier,16,3,14,29.5,163.12,0.94,26.35,0.78,No
Titan Esports,Entry Fragger,Skyline,Semi-Final,12,7,12,58.29,206.29,0.77,40.44,0.94,No
Titan Esports,Support,Skyline,Semi-Final,10,5,7,36.22,210.89,0.78,28.31,0.94,No
Team Nova,Sniper,Frozen Base,Semi-Final,8,3,10,50.89,211.56,0.02,34.24,0.87,No
Team Nova,Entry Fragger,Skyline,Final,7,11,6,45.7,238.99,0.56,36.25,0.82,No
Red Vortex,Sniper,Skyline,Semi-Final,15,7,10,49.95,281.72,0.06,51.38,1.0,No
Team Alpha,Flex,Frozen Base,Semi-Final,14,7,14,45.46,229.52,0.77,36.03,0.86,No
Titan Esports,Sniper,Desert Storm,Semi-Final,15,10,13,54.51,236.1,0.4,50.25,1.0,No
Team Nova,IGL,Skyline,Final,10,8,6,51.82,197.93,0.88,39.11,0.91,No
Phantom Squad,Entry Fragger,Frozen Base,Final,19,9,11,49.64,229.77,0.08,60.02,1.0,Yes
Phantom Squad,Support,Desert Storm,Playoff,15,10,5,49.77,208.25,0.45,55.39,0.96,No
Titan Esports,Entry Fragger,Dust Arena,Semi-Final,18,10,8,46.01,278.17,0.31,57.9,1.0,No
Team Nova,Support,Neon City,Final,18,10,21,34.47,203.94,0.74,34.84,0.84,No
Red Vortex,IGL,Desert Storm,Playoff,22,10,14,47.94,275.15,0.1,62.97,0.94,Yes
CyberX,Entry Fragger,Desert Storm,Semi-Final,16,9,7,42.63,222.49,1.0,45.31,0.91,No
Team Nova,IGL,Neon City,Group Stage,20,5,14,23.37,240.34,0.32,39.48,1.0,No
Red Vortex,Sniper,Dust Arena,Playoff,16,9,11,42.18,288.73,0.07,50.39,1.0,No
Team Nova,Flex,Dust Arena,Group Stage,12,5,10,32.96,242.8,0.21,33.38,0.81,No
CyberX,Support,Dust Arena,Group Stage,5,9,8,45.05,219.44,0.7,26.52,0.87,No
Red Vortex,Flex,Desert Storm,Qualifier,12,9,11,57.9,246.91,0.11,49.85,0.92,No
Phantom Squad,Support,Neon City,Group Stage,13,7,9,27.33,226.2,0.87,28.96,0.87,No
Titan Esports,Sniper,Skyline,Semi-Final,18,4,9,66.42,205.43,0.04,63.81,1.0,Yes
Team Nova,IGL,Frozen Base,Qualifier,13,14,11,36.78,267.57,0.69,40.49,0.98,No
Team Alpha,Entry Fragger,Desert Storm,Final,13,5,11,40.5,213.72,0.41,36.15,0.97,No
CyberX,Flex,Skyline,Qualifier,16,6,9,35.53,217.35,0.16,45.16,0.91,No
Team Nova,Support,Neon City,Final,14,12,10,58.86,286.94,0.76,51.83,1.0,No
Phantom Squad,Entry Fragger,Desert Storm,Playoff,13,6,11,54.82,282.22,0.49,43.51,0.84,No
CyberX,Entry Fragger,Desert Storm,Playoff,20,6,15,53.69,222.94,0.13,56.55,1.0,No
Red Vortex,Entry Fragger,Frozen Base,Playoff,19,10,13,47.24,155.93,0.58,52.82,1.0,No
Titan Esports,Flex,Skyline,Playoff,14,9,14,63.67,225.77,0.93,45.53,0.95,No
Phantom Squad,Entry Fragger,Dust Arena,Qualifier,17,8,13,41.89,235.45,0.14,48.55,1.0,No
Team Alpha,Entry Fragger,Frozen Base,Group Stage,18,8,4,45.85,215.96,0.95,53.42,0.84,No
Titan Esports,IGL,Desert Storm,Qualifier,8,5,7,46.71,244.88,0.32,34.16,0.82,No
Phantom Squad,Support,Frozen Base,Qualifier,15,11,12,51.75,236.78,0.8,46.88,1.0,No
CyberX,Entry Fragger,Skyline,Playoff,10,5,12,67.08,220.01,0.05,46.04,0.96,No
Team Alpha,Flex,Desert Storm,Playoff,12,2,7,39.74,210.89,0.36,35.27,0.93,No
Titan Esports,Support,Neon City,Playoff,13,11,12,41.09,226.1,0.64,39.15,0.86,No
Team Alpha,Support,Skyline,Qualifier,6,7,13,47.61,229.01,0.21,27.7,0.74,No
Team Alpha,Flex,Neon City,Qualifier,20,10,15,61.83,203.68,0.11,64.81,1.0,Yes
Team Nova,Flex,Skyline,Group Stage,15,4,6,24.5,214.27,0.53,34.95,0.84,No
Team Nova,Support,Frozen Base,Final,15,6,6,45.12,223.06,0.35,49.06,1.0,No
Titan Esports,Entry Fragger,Neon City,Playoff,13,10,4,44.17,170.7,0.75,46.59,0.9,No
Team Nova,Sniper,Frozen Base,Semi-Final,8,6,13,44.67,267.42,0.26,28.73,0.69,No
Red Vortex,Flex,Desert Storm,Group Stage,13,6,11,32.14,225.54,0.5,32.07,0.77,No
Team Alpha,Sniper,Skyline,Playoff,12,6,14,46.8,172.06,0.44,35.0,0.9,No
CyberX,Entry Fragger,Dust Arena,Qualifier,16,14,12,56.87,230.67,0.5,57.44,1.0,No
Team Alpha,Support,Desert Storm,Final,12,6,10,43.34,209.25,0.4,37.67,0.81,No
CyberX,IGL,Neon City,Group Stage,13,11,15,32.79,220.98,0.04,37.99,0.84,No
CyberX,Entry Fragger,Dust Arena,Final,24,13,11,50.49,246.61,0.21,73.15,1.0,Yes
Team Alpha,IGL,Skyline,Playoff,8,12,9,47.78,205.38,0.0,42.89,1.0,No
Team Nova,Entry Fragger,Desert Storm,Playoff,11,2,7,24.53,239.99,0.42,25.07,0.8,No
Phantom Squad,Sniper,Dust Arena,Playoff,13,11,10,48.84,202.92,0.58,45.62,1.0,No
Red Vortex,IGL,Dust Arena,Qualifier,12,14,13,32.98,181.03,0.98,31.69,0.69,No
Team Nova,IGL,Frozen Base,Group Stage,18,7,14,32.86,209.29,0.7,38.43,0.9,No
Red Vortex,IGL,Neon City,Final,26,9,8,55.56,231.3,0.8,72.78,1.0,Yes
Titan Esports,Support,Frozen Base,Group Stage,12,5,10,36.77,179.42,0.62,31.19,0.93,No
Team Alpha,Flex,Skyline,Qualifier,14,8,12,38.05,209.21,0.75,35.52,0.72,No
Team Alpha,Support,Frozen Base,Qualifier,9,7,9,39.86,271.05,0.35,32.43,0.67,No
Red Vortex,Sniper,Dust Arena,Final,11,6,17,39.8,225.92,0.62,24.7,0.67,No
Titan Esports,Flex,Dust Arena,Final,17,6,8,43.28,228.3,0.59,47.74,1.0,No
Red Vortex,Sniper,Skyline,Group Stage,14,9,5,54.36,216.06,0.26,56.58,1.0,No
Team Nova,Support,Desert Storm,Semi-Final,14,6,7,38.73,199.28,0.27,43.66,1.0,No
Titan Esports,Entry Fragger,Neon City,Qualifier,16,12,9,42.59,252.19,0.27,53.59,1.0,No
Phantom Squad,Flex,Frozen Base,Final,13,10,13,41.9,218.64,0.3,40.95,0.84,No
CyberX,Entry Fragger,Dust Arena,Group Stage,15,6,4,45.03,243.71,0.81,46.41,1.0,No
Team Alpha,Support,Frozen Base,Playoff,17,9,8,50.66,220.27,0.88,51.53,0.99,No
Phantom Squad,IGL,Skyline,Semi-Final,16,10,12,38.19,223.36,0.16,47.49,1.0,No
Team Alpha,IGL,Skyline,Group Stage,8,5,10,33.98,203.06,0.22,25.79,0.77,No
Titan Esports,Sniper,Frozen Base,Group Stage,16,10,11,48.56,193.14,0.69,48.38,0.94,No
Team Nova,Flex,Dust Arena,Semi-Final,11,6,10,56.71,249.91,0.25,43.86,1.0,No
Phantom Squad,Flex,Frozen Base,Group Stage,15,10,9,46.06,201.8,0.38,50.23,1.0,No
Team Alpha,Flex,Neon City,Group Stage,19,7,10,55.32,249.04,0.01,62.56,1.0,Yes
Titan Esports,IGL,Dust Arena,Qualifier,15,11,11,35.9,206.71,0.89,39.05,0.84,No
Team Nova,Flex,Frozen Base,Semi-Final,18,9,7,51.81,215.3,0.51,58.8,1.0,No
CyberX,Sniper,Dust Arena,Playoff,19,9,7,57.15,245.45,0.81,60.48,0.98,Yes
CyberX,Sniper,Neon City,Final,18,5,7,42.34,234.75,0.56,49.57,1.0,No
Red Vortex,Sniper,Skyline,Playoff,13,9,12,42.89,189.5,0.02,44.24,0.92,No
Red Vortex,Entry Fragger,Dust Arena,Final,13,5,11,53.57,280.6,0.62,40.58,0.93,No
Phantom Squad,Entry Fragger,Frozen Base,Final,18,14,12,53.36,236.75,0.17,62.98,1.0,Yes
Titan Esports,Sniper,Neon City,Semi-Final,15,9,14,57.43,245.62,0.84,45.32,0.86,No
Titan Esports,Sniper,Neon City,Group Stage,14,7,9,69.5,247.95,0.88,51.95,1.0,No
CyberX,Flex,Desert Storm,Playoff,17,11,14,40.87,214.11,0.98,41.64,0.95,No
Team Alpha,Sniper,Frozen Base,Group Stage,23,5,5,47.47,168.93,0.8,61.73,1.0,Yes
Phantom Squad,Sniper,Desert Storm,Playoff,13,5,7,41.7,192.2,0.86,36.25,0.67,No
Team Nova,IGL,Dust Arena,Group Stage,16,7,10,43.8,184.42,0.73,43.6,0.7,No
CyberX,Support,Frozen Base,Final,16,14,14,40.79,161.07,0.76,44.79,0.92,No
Phantom Squad,Flex,Neon City,Semi-Final,24,9,7,42.6,201.76,0.83,63.0,1.0,Yes
Team Alpha,Sniper,Frozen Base,Playoff,10,8,7,49.28,256.87,0.75,38.14,0.87,No
Red Vortex,IGL,Neon City,Qualifier,13,5,15,35.53,267.73,0.15,32.27,0.8,No
Titan Esports,Support,Skyline,Final,15,7,8,51.15,226.46,0.51,49.48,0.93,No
Red Vortex,Entry Fragger,Neon City,Final,14,4,12,45.01,174.48,0.17,40.8,0.98,No
Red Vortex,Support,Dust Arena,Playoff,14,9,10,39.38,183.86,0.03,46.39,0.97,No
Phantom Squad,Entry Fragger,Desert Storm,Playoff,22,10,12,47.02,187.35,0.08,64.71,1.0,Yes
CyberX,Flex,Neon City,Semi-Final,14,7,6,45.68,130.27,0.25,49.34,1.0,No
Team Alpha,Entry Fragger,Dust Arena,Qualifier,18,5,7,42.02,168.78,0.88,46.21,0.81,No
Titan Esports,Flex,Neon City,Playoff,13,6,12,44.5,164.48,0.3,39.25,0.76,No
Phantom Squad,IGL,Neon City,Semi-Final,10,12,5,60.9,189.16,0.98,47.65,0.97,No
Team Nova,Entry Fragger,Skyline,Semi-Final,11,6,11,44.47,233.52,0.35,35.73,0.82,No
Team Alpha,Entry Fragger,Skyline,Final,11,10,5,60.1,257.01,0.22,54.85,1.0,No
Titan Esports,Entry Fragger,Dust Arena,Playoff,14,9,10,48.63,190.53,0.97,41.61,1.0,No
Red Vortex,Entry Fragger,Frozen Base,Group Stage,8,7,11,48.99,206.04,0.35,33.0,0.8,No
CyberX,Entry Fragger,Skyline,Playoff,14,6,9,46.22,250.54,0.23,45.81,1.0,No
Phantom Squad,Support,Dust Arena,Playoff,24,16,9,45.15,239.64,0.48,72.78,1.0,Yes
CyberX,IGL,Skyline,Semi-Final,15,4,9,55.46,184.64,0.81,44.63,0.93,No
Red Vortex,Support,Frozen Base,Group Stage,19,7,11,49.64,233.52,0.42,54.62,0.86,No
Titan Esports,Sniper,Frozen Base,Group Stage,10,6,12,41.13,201.63,0.02,34.36,0.81,No
Phantom Squad,Support,Skyline,Semi-Final,14,3,11,40.94,199.7,0.04,40.07,1.0,No
Titan Esports,Entry Fragger,Skyline,Semi-Final,16,8,9,40.27,239.65,0.23,48.84,0.98,No
Team Alpha,Entry Fragger,Dust Arena,Playoff,13,4,9,37.83,240.19,0.16,38.31,0.65,No
Team Alpha,Entry Fragger,Dust Arena,Group Stage,16,7,12,34.46,243.28,0.89,35.33,0.82,No
Red Vortex,Flex,Desert Storm,Qualifier,12,10,12,49.88,207.71,0.47,42.24,0.99,No
Red Vortex,Entry Fragger,Skyline,Final,16,10,13,37.38,199.69,0.77,39.99,0.96,No
Red Vortex,Sniper,Dust Arena,Playoff,9,13,7,41.83,195.75,0.06,44.31,1.0,No
Titan Esports,Flex,Desert Storm,Playoff,10,8,5,45.61,211.82,0.43,41.51,0.79,No
Phantom Squad,Sniper,Neon City,Group Stage,12,7,11,46.52,214.82,0.14,41.86,1.0,No
Phantom Squad,Entry Fragger,Neon City,Semi-Final,18,8,8,54.49,263.09,0.59,57.35,1.0,No
Phantom Squad,Flex,Neon City,Final,16,6,12,35.04,192.51,0.25,41.02,1.0,No
Team Alpha,IGL,Desert Storm,Qualifier,16,6,8,56.35,145.37,0.87,49.47,0.94,No
CyberX,Flex,Skyline,Final,13,9,14,53.12,242.35,0.19,45.66,1.0,No
Red Vortex,IGL,Frozen Base,Qualifier,14,7,5,46.57,192.88,0.54,47.88,1.0,No
Titan Esports,Support,Frozen Base,Semi-Final,19,12,12,34.84,241.18,0.02,55.22,1.0,No
Team Alpha,Flex,Skyline,Qualifier,13,10,9,45.63,156.14,0.16,48.21,0.78,No
CyberX,Sniper,Frozen Base,Final,14,11,10,39.51,166.1,0.34,45.35,1.0,No
Red Vortex,Sniper,Dust Arena,Final,10,7,8,38.47,222.34,0.57,32.53,0.8,No
Team Alpha,Support,Dust Arena,Playoff,12,8,10,51.43,234.74,0.28,44.92,1.0,No
CyberX,IGL,Neon City,Semi-Final,23,9,10,40.28,245.33,0.13,63.84,1.0,Yes
Titan Esports,Support,Frozen Base,Playoff,14,9,13,38.34,233.33,0.78,35.37,0.96,No
Titan Esports,IGL,Neon City,Final,16,7,11,32.64,223.97,0.67,37.62,0.87,No
CyberX,Flex,Dust Arena,Playoff,10,6,14,38.56,198.17,0.07,30.58,0.81,No
Titan Esports,Sniper,Desert Storm,Qualifier,16,5,7,41.71,223.96,0.95,41.36,0.86,No
Red Vortex,Support,Frozen Base,Final,8,8,9,51.57,254.61,0.41,36.68,1.0,No
Phantom Squad,Entry Fragger,Neon City,Final,15,3,17,37.67,254.03,0.39,30.94,0.78,No
Titan Esports,Flex,Skyline,Final,11,9,7,43.29,229.69,0.18,43.84,0.93,No
Titan Esports,Support,Desert Storm,Group Stage,19,9,10,46.26,220.19,0.14,58.73,0.99,No
CyberX,Entry Fragger,Dust Arena,Playoff,10,12,10,58.03,178.09,0.74,43.62,0.97,No
Team Nova,IGL,Frozen Base,Qualifier,18,9,11,30.28,219.03,0.73,41.84,0.92,No
Titan Esports,Support,Frozen Base,Semi-Final,23,8,14,42.12,226.73,0.81,52.96,1.0,No
Red Vortex,Support,Skyline,Qualifier,14,7,11,39.2,226.0,0.09,42.7,0.93,No
Titan Esports,Sniper,Frozen Base,Qualifier,11,7,10,34.65,257.78,0.93,27.03,0.88,No
Team Nova,Flex,Desert Storm,Semi-Final,6,9,8,49.48,225.63,0.3,34.74,0.92,No
Red Vortex,Support,Frozen Base,Playoff,14,10,8,50.88,223.28,0.37,51.74,1.0,No
CyberX,Flex,Desert Storm,Semi-Final,20,6,8,41.98,241.52,0.86,50.39,1.0,No
Red Vortex,Entry Fragger,Frozen Base,Semi-Final,10,10,17,49.41,256.09,0.81,29.6,0.87,No
Team Alpha,Support,Neon City,Group Stage,23,8,12,42.19,251.5,0.17,61.39,1.0,Yes
Team Nova,Sniper,Dust Arena,Playoff,11,13,9,54.83,251.96,0.27,50.71,1.0,No
CyberX,Flex,Dust Arena,Final,12,3,9,23.22,248.28,0.88,20.81,1.0,No
Team Alpha,Entry Fragger,Neon City,Final,12,10,13,63.46,246.9,1.0,42.73,0.76,No
Titan Esports,Support,Neon City,Playoff,14,5,12,47.57,225.04,0.43,40.48,0.91,No
Titan Esports,Support,Desert Storm,Qualifier,13,6,7,36.67,257.59,0.34,39.94,0.85,No
Titan Esports,Entry Fragger,Neon City,Final,14,10,14,37.2,259.11,0.01,42.5,0.78,No
CyberX,Flex,Frozen Base,Group Stage,19,2,7,40.86,166.87,0.42,49.23,1.0,No
Team Alpha,Flex,Neon City,Playoff,13,6,8,48.71,203.48,0.12,47.16,0.88,No
Phantom Squad,Flex,Desert Storm,Qualifier,11,7,10,47.56,200.82,0.29,39.88,0.81,No
Red Vortex,Flex,Neon City,Playoff,13,9,10,34.88,166.21,0.04,42.04,0.91,No
CyberX,Sniper,Desert Storm,Qualifier,6,9,7,48.3,228.37,0.81,30.05,0.89,No
Phantom Squad,Sniper,Neon City,Playoff,8,7,7,52.83,178.85,0.6,36.41,0.77,No
Team Nova,IGL,Desert Storm,Playoff,19,7,12,56.24,224.28,0.24,58.72,1.0,No
Red Vortex,Support,Dust Arena,Qualifier,14,4,10,48.78,213.6,0.16,44.79,0.98,No
Red Vortex,Entry Fragger,Desert Storm,Group Stage,20,10,14,58.23,212.79,0.23,62.81,0.96,Yes
Phantom Squad,IGL,Neon City,Qualifier,14,16,14,44.0,202.93,0.67,45.3,1.0,No
Team Nova,Flex,Neon City,Group Stage,13,9,17,42.42,248.49,0.53,33.91,0.83,No
Red Vortex,IGL,Neon City,Qualifier,17,3,7,46.45,256.45,0.15,51.73,1.0,No
Titan Esports,Sniper,Desert Storm,Semi-Final,13,7,14,57.22,236.13,0.18,45.81,1.0,No
Phantom Squad,Entry Fragger,Frozen Base,Final,14,6,12,45.39,243.07,0.26,42.09,0.88,No
Team Alpha,Sniper,Skyline,Final,15,12,10,39.36,227.29,0.2,49.68,0.79,No
Red Vortex,Support,Desert Storm,Group Stage,19,9,8,44.76,203.62,0.34,57.98,1.0,No
Red Vortex,Entry Fragger,Frozen Base,Playoff,15,7,14,47.89,220.68,0.77,39.24,0.75,No
Team Alpha,Sniper,Desert Storm,Semi-Final,10,3,9,40.83,172.58,0.04,34.02,1.0,No
Team Alpha,Flex,Frozen Base,Final,16,9,8,33.61,185.47,0.76,42.2,0.64,No
Red Vortex,Flex,Neon City,Group Stage,12,9,10,55.96,171.01,0.08,50.18,1.0,No
Red Vortex,IGL,Dust Arena,Qualifier,16,11,12,46.56,237.16,0.47,49.58,0.93,No
Red Vortex,Sniper,Frozen Base,Qualifier,11,5,6,41.74,264.14,0.57,36.17,0.99,No
CyberX,Flex,Skyline,Final,20,12,12,43.21,239.48,0.06,61.01,1.0,Yes
Team Alpha,Flex,Skyline,Final,14,12,13,36.33,283.5,0.74,37.77,0.85,No
CyberX,Flex,Desert Storm,Group Stage,11,7,12,29.88,212.71,0.69,25.04,0.75,No
Team Alpha,Flex,Neon City,Semi-Final,17,14,14,45.69,197.59,0.42,52.64,1.0,No
Team Alpha,IGL,Dust Arena,Final,19,7,6,47.55,215.42,0.23,60.48,1.0,Yes
Team Alpha,Flex,Neon City,Qualifier,11,10,12,44.22,186.76,0.61,36.01,0.82,No
Titan Esports,Entry Fragger,Frozen Base,Semi-Final,19,14,18,44.5,170.59,0.28,53.45,1.0,No
CyberX,Support,Neon City,Playoff,7,5,5,51.38,164.22,0.91,30.59,0.77,No
Titan Esports,Support,Dust Arena,Group Stage,12,12,10,45.2,228.3,0.61,42.5,0.93,No
Red Vortex,IGL,Frozen Base,Final,13,10,7,46.31,285.89,0.45,47.66,0.98,No
CyberX,Support,Skyline,Final,20,9,7,48.77,163.37,0.53,61.09,1.0,Yes
Red Vortex,IGL,Skyline,Group Stage,17,4,8,36.95,202.41,0.31,45.38,0.95,No
CyberX,IGL,Dust Arena,Group Stage,14,7,11,47.91,235.26,0.03,47.66,0.93,No
Team Alpha,Sniper,Desert Storm,Semi-Final,20,5,11,41.94,199.59,0.24,52.57,0.98,No
Titan Esports,Entry Fragger,Dust Arena,Final,17,8,10,34.08,223.05,0.36,45.44,0.96,No
Team Alpha,Entry Fragger,Skyline,Semi-Final,17,3,8,38.9,251.09,0.81,40.35,0.86,No
Phantom Squad,Flex,Frozen Base,Playoff,18,10,11,30.7,200.38,0.23,48.05,0.98,No
Red Vortex,Sniper,Desert Storm,Final,15,8,14,40.23,282.94,0.53,38.81,0.9,No
Red Vortex,Support,Desert Storm,Qualifier,8,6,10,42.41,228.86,0.87,24.5,0.67,No
CyberX,Support,Desert Storm,Semi-Final,19,3,6,49.61,215.52,0.61,53.7,1.0,No
Team Nova,IGL,Neon City,Semi-Final,12,7,21,51.56,234.62,0.65,29.28,0.9,No
Team Alpha,Entry Fragger,Neon City,Qualifier,10,8,9,46.6,238.27,0.31,39.2,0.82,No
Titan Esports,Flex,Desert Storm,Qualifier,15,7,15,45.35,195.92,0.67,37.97,0.87,No
Red Vortex,Entry Fragger,Skyline,Qualifier,19,10,14,49.77,159.29,0.09,57.99,1.0,No
CyberX,Sniper,Dust Arena,Semi-Final,11,4,13,56.97,252.84,0.27,38.78,0.72,No
CyberX,Entry Fragger,Neon City,Qualifier,16,8,11,59.94,257.3,0.78,51.17,1.0,No
Titan Esports,Support,Skyline,Final,20,7,7,49.11,232.62,0.5,59.56,1.0,No
Team Alpha,Flex,Neon City,Semi-Final,21,10,8,32.33,232.39,0.92,50.96,1.0,No
CyberX,Support,Frozen Base,Semi-Final,9,9,6,42.65,260.76,0.14,40.93,0.87,No
Phantom Squad,IGL,Frozen Base,Final,10,7,12,33.9,242.92,0.04,31.55,0.91,No
CyberX,Support,Dust Arena,Semi-Final,16,12,11,44.12,165.37,0.76,47.46,0.91,No
Phantom Squad,Support,Desert Storm,Group Stage,22,7,12,56.6,177.22,0.15,65.8,1.0,Yes
Red Vortex,Entry Fragger,Skyline,Final,17,4,7,50.24,226.67,0.92,46.92,0.98,No
Team Nova,Sniper,Desert Storm,Qualifier,15,6,13,42.97,200.11,0.98,34.69,0.73,No
Team Nova,Flex,Skyline,Semi-Final,19,3,16,59.56,214.35,0.71,47.68,1.0,No
Team Alpha,IGL,Frozen Base,Playoff,18,10,14,58.08,259.35,0.42,56.84,1.0,No
Team Nova,Support,Dust Arena,Qualifier,18,8,9,39.64,219.5,0.72,47.62,0.97,No
Red Vortex,Support,Neon City,Qualifier,14,8,14,39.57,132.57,0.2,39.78,0.75,No
Team Alpha,Sniper,Dust Arena,Semi-Final,15,12,11,55.52,210.54,0.1,57.76,0.98,No
CyberX,Sniper,Neon City,Playoff,16,8,8,48.84,188.35,0.25,53.92,1.0,No
Phantom Squad,IGL,Frozen Base,Playoff,17,8,7,50.86,176.69,0.02,60.23,1.0,Yes
Team Nova,IGL,Dust Arena,Group Stage,13,4,13,46.01,205.93,0.31,36.9,1.0,No
Team Nova,Support,Dust Arena,Group Stage,19,13,17,40.0,223.79,0.58,48.2,0.86,No
Titan Esports,Sniper,Neon City,Playoff,17,3,10,46.68,205.35,0.5,45.34,0.94,No
Titan Esports,Entry Fragger,Neon City,Qualifier,10,7,10,57.71,203.38,0.55,40.36,0.94,No
Red Vortex,Sniper,Skyline,Semi-Final,15,7,12,33.02,258.43,0.79,33.61,0.9,No
Red Vortex,Flex,Frozen Base,Group Stage,12,8,5,34.88,239.37,0.54,39.04,0.89,No
Phantom Squad,Support,Skyline,Qualifier,14,11,8,37.92,204.38,0.46,45.36,1.0,No
Titan Esports,IGL,Frozen Base,Playoff,16,9,9,29.41,242.69,0.2,44.7,0.76,No
Red Vortex,IGL,Neon City,Group Stage,18,8,10,44.5,227.24,0.92,47.05,0.8,No
Red Vortex,Flex,Frozen Base,Qualifier,17,5,13,47.66,195.69,0.28,47.03,0.92,No
Phantom Squad,Flex,Skyline,Semi-Final,13,3,11,27.57,204.12,0.11,30.68,0.84,No
Red Vortex,Entry Fragger,Frozen Base,Semi-Final,11,6,7,48.14,246.12,0.14,43.67,1.0,No
Team Nova,Support,Frozen Base,Final,19,7,6,40.73,224.53,0.84,50.96,1.0,No
Red Vortex,Flex,Frozen Base,Group Stage,16,6,8,55.88,233.35,0.64,51.54,0.94,No
CyberX,Sniper,Dust Arena,Qualifier,17,8,17,36.9,169.38,0.05,42.95,0.82,No
Team Alpha,Entry Fragger,Skyline,Qualifier,14,8,9,44.92,193.12,0.99,39.56,0.93,No
CyberX,IGL,Dust Arena,Qualifier,18,12,12,35.9,230.93,0.8,45.95,0.91,No
Team Nova,Entry Fragger,Desert Storm,Group Stage,15,7,6,46.91,220.09,0.98,44.66,1.0,No
Team Nova,Sniper,Neon City,Final,9,8,14,46.92,257.59,0.76,27.86,0.69,No
Team Alpha,Support,Neon City,Final,16,10,12,50.36,211.17,0.49,50.28,1.0,No
Team Alpha,Support,Frozen Base,Semi-Final,18,9,16,59.86,249.12,0.03,58.63,1.0,No
Team Alpha,Sniper,Skyline,Final,15,5,10,64.14,244.24,0.17,55.37,0.97,No
Team Nova,IGL,Dust Arena,Qualifier,11,7,12,40.56,220.66,0.57,31.58,0.61,No
CyberX,Sniper,Desert Storm,Semi-Final,23,6,6,61.34,234.73,0.34,73.27,1.0,Yes
Team Alpha,Support,Neon City,Final,22,8,7,52.33,281.72,0.74,63.76,1.0,Yes
Titan Esports,Sniper,Neon City,Playoff,9,12,15,31.46,223.88,0.94,21.33,0.51,No
Team Alpha,Sniper,Neon City,Qualifier,6,10,8,38.82,246.69,0.59,27.51,0.8,No
Team Alpha,Support,Desert Storm,Group Stage,20,7,12,45.81,248.69,0.97,48.2,1.0,No
Team Nova,IGL,Neon City,Group Stage,15,9,8,47.5,223.89,0.27,52.05,0.94,No
Team Alpha,Support,Desert Storm,Group Stage,22,11,11,45.54,218.8,0.95,57.27,0.93,No
Team Nova,IGL,Neon City,Group Stage,14,8,7,42.81,219.57,0.08,49.61,1.0,No
CyberX,Support,Frozen Base,Final,21,10,7,50.33,202.78,0.07,69.46,1.0,Yes
Titan Esports,Sniper,Dust Arena,Group Stage,19,5,7,44.18,249.7,0.61,51.99,1.0,No
Red Vortex,Entry Fragger,Skyline,Group Stage,26,6,10,40.77,193.56,0.05,67.89,1.0,Yes
Team Nova,Support,Frozen Base,Final,12,8,14,48.68,226.8,0.27,39.64,1.0,No
CyberX,Entry Fragger,Neon City,Semi-Final,18,7,9,29.36,194.61,0.12,47.48,1.0,No
Titan Esports,Entry Fragger,Desert Storm,Final,16,8,7,47.33,204.79,0.2,54.66,1.0,No
Team Alpha,Support,Skyline,Semi-Final,18,10,12,26.36,178.07,0.91,38.08,1.0,No
Team Nova,Flex,Skyline,Semi-Final,16,13,6,32.78,204.9,0.32,52.19,0.98,No
Titan Esports,Entry Fragger,Skyline,Qualifier,16,8,13,39.09,230.83,0.25,44.05,1.0,No
Titan Esports,Support,Skyline,Semi-Final,16,6,8,50.42,187.61,0.8,47.21,1.0,No
Red Vortex,Entry Fragger,Desert Storm,Group Stage,17,12,7,48.33,228.52,0.42,58.96,1.0,No
Titan Esports,Entry Fragger,Skyline,Semi-Final,9,7,8,32.92,213.38,0.93,24.16,0.64,No
Team Alpha,Flex,Skyline,Playoff,23,9,10,41.39,256.76,0.57,59.99,1.0,No
Phantom Squad,Entry Fragger,Dust Arena,Group Stage,12,8,14,42.98,183.88,0.29,36.59,0.83,No
Phantom Squad,Support,Dust Arena,Playoff,13,13,18,58.4,221.86,0.06,49.6,0.9,No
Phantom Squad,Flex,Neon City,Qualifier,9,8,10,48.45,242.19,0.48,35.43,0.9,No
Team Alpha,IGL,Frozen Base,Semi-Final,26,9,6,45.15,187.65,0.97,67.88,1.0,Yes
Phantom Squad,Entry Fragger,Skyline,Playoff,21,6,4,53.74,175.71,0.28,68.07,1.0,Yes
Titan Esports,Flex,Dust Arena,Semi-Final,24,7,11,50.86,213.84,0.19,67.53,1.0,Yes
CyberX,Sniper,Neon City,Group Stage,11,9,10,43.63,147.81,0.9,33.81,0.76,No
Phantom Squad,Flex,Skyline,Semi-Final,12,3,7,30.81,218.29,0.42,31.21,0.93,No
Team Alpha,Support,Frozen Base,Final,11,7,11,44.19,205.53,0.65,33.59,0.93,No
Red Vortex,IGL,Frozen Base,Semi-Final,13,11,11,56.2,208.8,0.88,45.3,0.9,No
CyberX,Support,Skyline,Playoff,15,7,11,56.26,183.74,0.47,49.43,1.0,No
CyberX,Entry Fragger,Dust Arena,Semi-Final,7,10,8,34.79,183.42,0.03,33.09,0.82,No
Phantom Squad,Flex,Desert Storm,Qualifier,23,8,7,39.52,256.72,0.38,62.96,1.0,Yes
Phantom Squad,Sniper,Frozen Base,Playoff,12,6,12,39.71,233.84,0.49,32.96,0.96,No
Titan Esports,Sniper,Dust Arena,Semi-Final,14,11,11,43.62,239.16,0.73,42.51,1.0,No
Red Vortex,IGL,Neon City,Group Stage,15,11,11,44.71,183.48,0.18,50.56,1.0,No
Team Nova,Sniper,Desert Storm,Group Stage,13,8,13,62.51,212.99,0.02,52.05,1.0,No
Titan Esports,Flex,Desert Storm,Qualifier,13,7,8,57.32,213.58,0.72,46.46,1.0,No
CyberX,IGL,Neon City,Playoff,22,8,10,40.91,143.39,0.07,61.75,1.0,Yes
Team Nova,Support,Skyline,Playoff,23,10,13,35.53,224.54,0.75,53.27,1.0,No
Red Vortex,IGL,Skyline,Semi-Final,11,11,9,53.58,250.37,0.05,50.29,0.99,No
Team Alpha,Sniper,Skyline,Final,12,10,9,54.03,198.18,0.92,42.81,1.0,No
Team Nova,Support,Neon City,Group Stage,16,9,9,36.94,221.43,0.93,41.17,0.85,No
Phantom Squad,Support,Desert Storm,Semi-Final,14,8,17,39.1,208.0,0.9,29.55,0.72,No
Team Alpha,Flex,Frozen Base,Semi-Final,14,8,6,51.85,231.94,0.16,54.32,1.0,No
CyberX,Entry Fragger,Neon City,Group Stage,21,5,9,47.56,237.02,0.0,61.78,1.0,Yes
CyberX,Entry Fragger,Desert Storm,Playoff,19,7,9,40.41,211.57,0.76,48.6,1.0,No
CyberX,Flex,Frozen Base,Final,7,9,10,60.6,151.92,0.64,36.9,0.85,No
Titan Esports,Support,Frozen Base,Playoff,10,7,8,45.86,210.43,0.44,37.53,0.72,No
Titan Esports,Flex,Desert Storm,Semi-Final,17,8,8,67.67,233.72,0.94,58.44,1.0,No
Titan Esports,IGL,Neon City,Final,14,8,10,49.08,200.52,0.98,40.74,0.95,No
Titan Esports,Entry Fragger,Neon City,Qualifier,14,9,11,50.56,221.6,0.4,47.28,0.89,No
Red Vortex,IGL,Frozen Base,Playoff,16,8,9,30.88,228.73,0.06,45.84,0.85,No
Phantom Squad,Entry Fragger,Desert Storm,Playoff,8,9,10,51.56,192.36,0.09,39.88,0.84,No
Red Vortex,Sniper,Frozen Base,Final,18,8,8,40.47,202.01,0.02,56.03,1.0,No
Team Alpha,Support,Dust Arena,Qualifier,12,5,12,46.74,243.52,0.12,39.17,0.76,No
Red Vortex,Sniper,Skyline,Final,15,10,9,53.81,208.58,0.65,51.41,0.86,No
Phantom Squad,Flex,Neon City,Final,19,7,8,53.65,214.72,0.4,59.83,0.81,No
Titan Esports,Entry Fragger,Dust Arena,Group Stage,17,8,7,55.02,224.84,0.13,61.21,1.0,Yes
CyberX,Support,Dust Arena,Group Stage,23,7,13,36.5,242.39,0.06,57.65,1.0,No
Red Vortex,Support,Desert Storm,Semi-Final,13,9,7,48.94,245.01,0.79,44.57,0.84,No
Red Vortex,Entry Fragger,Frozen Base,Qualifier,14,4,13,31.26,235.93,0.95,25.13,0.84,No
Phantom Squad,Support,Desert Storm,Semi-Final,14,9,12,44.13,208.65,0.54,41.66,0.96,No
CyberX,Flex,Frozen Base,Semi-Final,16,4,6,39.89,195.08,0.73,42.65,1.0,No
Phantom Squad,Sniper,Skyline,Final,15,7,12,51.91,225.14,0.32,47.75,0.87,No
CyberX,Support,Dust Arena,Final,16,7,9,49.47,184.67,0.69,47.84,1.0,No
CyberX,Flex,Dust Arena,Qualifier,15,10,11,44.65,207.56,0.33,48.03,0.82,No
Phantom Squad,IGL,Desert Storm,Final,10,5,12,41.6,286.06,0.04,33.4,0.8,No
Phantom Squad,IGL,Dust Arena,Qualifier,16,13,18,63.57,238.1,0.48,53.98,1.0,No
Titan Esports,Sniper,Frozen Base,Qualifier,18,10,12,42.82,206.67,0.03,55.11,1.0,No
Titan Esports,Flex,Skyline,Playoff,16,6,17,43.92,243.17,0.99,33.06,0.91,No
Phantom Squad,IGL,Skyline,Final,21,6,13,45.75,241.19,0.21,55.77,1.0,No
Phantom Squad,Sniper,Skyline,Qualifier,17,8,12,38.9,231.56,0.43,45.15,1.0,No
Team Alpha,Sniper,Neon City,Semi-Final,12,8,9,38.3,220.97,0.71,35.05,1.0,No
Team Nova,Support,Frozen Base,Final,12,7,14,44.87,240.5,0.34,36.04,0.99,No
Phantom Squad,IGL,Frozen Base,Playoff,11,3,6,62.67,198.48,0.11,49.23,0.96,No
CyberX,Entry Fragger,Desert Storm,Semi-Final,12,4,10,29.48,246.7,0.38,28.94,0.95,No
Phantom Squad,IGL,Neon City,Final,14,6,14,40.11,287.15,0.69,33.16,0.74,No
Red Vortex,Entry Fragger,Desert Storm,Qualifier,14,8,8,30.63,172.5,0.23,41.02,0.88,No
Team Alpha,Support,Frozen Base,Group Stage,7,5,9,42.13,288.76,0.65,24.57,0.93,No
Team Alpha,Sniper,Dust Arena,Semi-Final,14,5,13,32.16,192.19,0.4,32.08,0.82,No
Titan Esports,Flex,Dust Arena,Group Stage,19,10,13,35.43,251.32,0.41,48.62,0.98,No
CyberX,Flex,Desert Storm,Qualifier,15,3,5,55.66,247.87,0.18,54.03,1.0,No
Team Alpha,Entry Fragger,Skyline,Group Stage,11,8,9,41.43,189.9,0.62,35.52,0.82,No
CyberX,IGL,Dust Arena,Playoff,15,5,10,44.38,206.32,0.9,38.19,0.76,No
Team Alpha,Sniper,Frozen Base,Semi-Final,18,11,8,45.45,209.6,0.21,59.62,1.0,No
Red Vortex,IGL,Dust Arena,Group Stage,14,8,12,43.52,256.36,0.64,39.36,0.96,No
Team Nova,IGL,Frozen Base,Semi-Final,18,11,13,36.3,181.52,0.11,51.05,1.0,No
CyberX,Flex,Desert Storm,Group Stage,19,8,5,52.79,238.72,0.4,63.39,1.0,Yes
Red Vortex,Flex,Skyline,Final,15,6,8,39.23,168.01,0.41,43.51,1.0,No
CyberX,Sniper,Skyline,Final,18,8,12,61.79,178.44,0.98,53.09,1.0,No
Team Alpha,Flex,Dust Arena,Group Stage,8,9,12,45.58,161.74,0.97,26.09,0.76,No
Red Vortex,IGL,Frozen Base,Group Stage,17,7,11,50.9,198.82,0.61,49.35,0.99,No
Phantom Squad,IGL,Neon City,Group Stage,17,9,8,47.45,259.08,0.1,57.73,1.0,No
Phantom Squad,Sniper,Skyline,Semi-Final,11,9,12,49.14,205.01,0.8,35.57,0.67,No
CyberX,Support,Skyline,Semi-Final,17,4,6,43.97,206.81,0.94,44.59,0.89,No
Team Alpha,IGL,Dust Arena,Final,15,8,4,50.26,215.82,0.38,55.33,0.93,No
CyberX,Flex,Neon City,Playoff,12,7,11,43.18,177.79,0.8,33.59,0.75,No
Team Alpha,IGL,Skyline,Group Stage,15,7,12,46.53,243.95,0.8,40.27,0.92,No
Titan Esports,Sniper,Dust Arena,Playoff,14,7,13,35.21,262.74,0.61,33.51,0.73,No
Red Vortex,Support,Neon City,Final,9,7,8,55.34,214.08,0.02,44.47,1.0,No
Red Vortex,Sniper,Desert Storm,Group Stage,8,8,13,52.03,189.57,0.21,34.91,0.8,No
Titan Esports,Entry Fragger,Frozen Base,Playoff,14,5,14,36.81,231.92,0.21,35.3,0.78,No
Phantom Squad,Entry Fragger,Dust Arena,Qualifier,14,15,10,49.03,218.96,0.75,50.02,1.0,No
Titan Esports,IGL,Desert Storm,Group Stage,19,6,6,41.24,251.43,0.76,51.02,0.72,No
Team Nova,Flex,Desert Storm,Playoff,14,7,6,30.88,272.23,0.51,39.34,0.94,No
Red Vortex,Support,Neon City,Semi-Final,20,8,11,37.04,243.02,0.58,49.72,1.0,No
Red Vortex,Flex,Dust Arena,Playoff,15,2,10,47.92,218.83,0.35,42.46,0.82,No
Team Nova,IGL,Frozen Base,Final,16,4,6,43.86,197.19,0.2,49.93,0.96,No
Team Nova,IGL,Frozen Base,Semi-Final,16,7,7,35.06,210.25,0.69,42.63,1.0,No
Red Vortex,Flex,Dust Arena,Final,17,13,9,46.61,198.4,0.44,56.91,0.98,No
Phantom Squad,Support,Skyline,Semi-Final,11,5,16,42.85,225.24,0.51,27.32,0.71,No
Phantom Squad,Flex,Neon City,Semi-Final,19,9,6,40.6,212.87,0.19,59.4,1.0,No
Phantom Squad,Flex,Dust Arena,Group Stage,17,10,10,56.7,211.29,0.68,55.55,1.0,No
Titan Esports,IGL,Skyline,Final,19,12,9,46.93,188.65,0.41,60.37,1.0,Yes
Red Vortex,Support,Desert Storm,Final,17,14,8,37.36,235.55,0.34,55.28,1.0,No
CyberX,Support,Skyline,Semi-Final,11,8,12,43.6,156.28,0.52,34.6,0.89,No
CyberX,Flex,Neon City,Final,17,12,18,54.62,220.26,0.02,55.11,0.9,No
Team Alpha,IGL,Desert Storm,Playoff,20,7,10,50.71,255.05,0.43,58.06,1.0,No
Titan Esports,Entry Fragger,Frozen Base,Semi-Final,12,6,9,30.44,255.63,0.45,31.72,0.67,No
Team Alpha,Entry Fragger,Dust Arena,Semi-Final,14,6,6,46.43,194.08,0.71,44.12,0.9,No
Team Nova,IGL,Dust Arena,Playoff,15,4,11,44.35,216.38,0.19,43.27,1.0,No
Team Nova,Support,Dust Arena,Final,12,12,10,38.19,245.51,0.29,42.2,0.98,No
Team Nova,Entry Fragger,Desert Storm,Final,17,13,9,49.41,198.0,0.25,60.2,0.88,Yes
Red Vortex,Entry Fragger,Neon City,Group Stage,8,7,5,37.94,226.92,0.2,34.97,0.77,No
Red Vortex,Entry Fragger,Neon City,Group Stage,12,6,12,49.58,237.88,0.13,41.49,0.8,No
Phantom Squad,Entry Fragger,Neon City,Group Stage,12,8,14,42.14,243.9,0.47,34.37,1.0,No
Phantom Squad,Flex,Dust Arena,Final,15,5,9,45.17,186.07,0.13,47.29,1.0,No
Team Alpha,Support,Skyline,Semi-Final,12,7,9,43.87,258.76,0.71,36.84,0.74,No
Red Vortex,Entry Fragger,Desert Storm,Playoff,16,5,14,34.34,255.14,0.39,36.27,0.78,No
Titan Esports,Flex,Frozen Base,Semi-Final,14,6,16,34.99,202.65,0.92,26.3,0.76,No
Phantom Squad,Sniper,Desert Storm,Semi-Final,15,5,11,47.4,227.9,0.62,41.5,1.0,No
Titan Esports,Sniper,Desert Storm,Semi-Final,17,4,5,29.39,186.22,0.21,45.59,0.81,No
Phantom Squad,Flex,Frozen Base,Semi-Final,16,7,8,44.96,231.96,0.01,53.38,0.99,No
Phantom Squad,IGL,Skyline,Qualifier,16,15,10,38.28,213.58,0.57,50.44,1.0,No
Team Nova,Support,Neon City,Group Stage,15,8,7,53.37,268.07,0.64,51.29,0.86,No
Team Nova,IGL,Skyline,Final,14,10,11,37.54,253.55,0.85,37.27,0.74,No
Phantom Squad,Entry Fragger,Dust Arena,Qualifier,16,5,11,39.31,223.51,0.12,44.45,0.79,No
Team Alpha,Flex,Desert Storm,Playoff,8,9,12,50.33,174.65,0.2,36.16,0.92,No
CyberX,Support,Frozen Base,Qualifier,8,4,12,33.74,218.68,0.31,21.77,0.83,No
Team Alpha,Sniper,Dust Arena,Final,15,10,7,42.61,170.43,0.03,54.01,1.0,No
Team Nova,Entry Fragger,Frozen Base,Final,24,8,9,29.53,170.44,0.51,56.66,1.0,No
Red Vortex,Entry Fragger,Dust Arena,Final,20,10,13,42.7,189.09,0.98,48.55,1.0,No
Phantom Squad,Entry Fragger,Frozen Base,Qualifier,14,10,12,34.28,197.25,0.81,35.04,0.81,No
Phantom Squad,Sniper,Desert Storm,Semi-Final,11,17,7,31.05,224.7,0.78,39.72,1.0,No
Team Nova,Flex,Skyline,Qualifier,13,10,10,50.14,219.64,0.17,49.37,0.88,No
Phantom Squad,Entry Fragger,Dust Arena,Qualifier,16,11,14,43.5,209.42,0.2,48.75,1.0,No
Team Alpha,Sniper,Frozen Base,Playoff,16,7,17,39.97,241.58,0.95,32.48,1.0,No
Team Alpha,Entry Fragger,Desert Storm,Qualifier,14,9,9,48.47,159.83,0.91,43.13,0.95,No
Team Nova,Entry Fragger,Dust Arena,Group Stage,15,12,5,38.33,187.38,0.7,49.16,1.0,No
CyberX,Sniper,Dust Arena,Group Stage,17,6,11,53.23,197.68,0.33,52.31,0.96,No
Titan Esports,Support,Dust Arena,Group Stage,18,7,6,40.88,226.72,0.66,50.84,0.81,No
Team Alpha,Entry Fragger,Frozen Base,Group Stage,14,4,12,48.8,241.23,0.61,38.3,0.85,No
Team Nova,Sniper,Frozen Base,Final,11,14,7,54.72,206.46,0.26,53.76,0.94,No
CyberX,Support,Dust Arena,Final,13,9,9,40.06,186.69,0.81,37.93,0.98,No
Red Vortex,Support,Desert Storm,Semi-Final,14,10,14,51.11,245.38,0.2,47.55,0.94,No
CyberX,Flex,Desert Storm,Group Stage,19,13,4,38.82,269.97,0.88,57.61,1.0,No
Team Alpha,Support,Skyline,Final,13,10,10,31.28,185.97,0.56,36.04,0.96,No
Phantom Squad,IGL,Frozen Base,Final,13,8,10,32.89,238.93,0.53,35.14,0.93,No
Phantom Squad,Flex,Frozen Base,Final,16,11,8,45.27,195.37,0.1,56.64,1.0,No
CyberX,Sniper,Neon City,Semi-Final,12,8,7,39.49,177.93,0.87,36.05,0.74,No
CyberX,IGL,Desert Storm,Group Stage,17,17,5,55.2,256.87,0.9,64.6,1.0,Yes
Team Alpha,Entry Fragger,Desert Storm,Qualifier,16,4,8,40.87,283.74,0.5,43.44,0.99,No
Team Alpha,Entry Fragger,Desert Storm,Group Stage,11,8,10,44.29,226.52,0.62,35.94,0.81,No
Titan Esports,Flex,Frozen Base,Playoff,11,10,9,33.12,158.52,0.63,33.26,0.71,No
Titan Esports,Support,Neon City,Group Stage,13,4,12,47.97,251.75,0.11,40.88,0.96,No
Titan Esports,Flex,Neon City,Playoff,15,11,5,43.88,204.25,0.34,54.54,1.0,No
Phantom Squad,Flex,Desert Storm,Final,6,7,9,51.98,187.43,0.74,28.59,0.79,No
Red Vortex,Sniper,Desert Storm,Final,14,5,13,46.0,208.9,0.77,35.3,0.85,No
Team Nova,Support,Dust Arena,Qualifier,11,11,9,55.91,172.81,0.6,45.95,0.85,No
Phantom Squad,IGL,Dust Arena,Group Stage,20,6,16,42.0,218.54,0.48,46.2,0.76,No
Red Vortex,Flex,Dust Arena,Group Stage,10,8,10,45.1,253.05,0.56,34.95,0.9,No
Team Nova,Flex,Dust Arena,Semi-Final,12,4,9,36.22,209.15,0.4,33.11,0.89,No
Phantom Squad,IGL,Frozen Base,Final,8,6,8,45.86,253.11,0.97,27.23,0.73,No
Team Alpha,Sniper,Dust Arena,Qualifier,14,12,8,47.67,211.3,0.26,53.23,1.0,No
CyberX,Entry Fragger,Skyline,Group Stage,15,10,7,32.63,232.29,0.47,44.61,0.89,No
Team Nova,Sniper,Dust Arena,Qualifier,16,3,12,53.11,239.56,0.31,46.45,0.89,No
Red Vortex,Entry Fragger,Desert Storm,Final,15,7,14,42.6,258.97,0.99,34.4,0.91,No
Red Vortex,Flex,Desert Storm,Final,11,10,10,41.77,220.05,0.25,40.39,0.87,No
Titan Esports,IGL,Desert Storm,Qualifier,12,14,7,45.1,221.62,0.6,47.55,0.99,No
Red Vortex,Sniper,Desert Storm,Final,14,13,7,47.74,228.9,0.99,47.97,1.0,No
Team Alpha,IGL,Skyline,Playoff,9,10,11,36.85,225.81,0.52,30.22,0.78,No
Phantom Squad,Flex,Frozen Base,Qualifier,22,3,15,46.15,164.99,0.26,52.48,1.0,No
Titan Esports,Sniper,Dust Arena,Group Stage,9,10,7,34.41,206.54,0.81,30.1,0.82,No
Titan Esports,Flex,Desert Storm,Group Stage,18,5,9,51.55,223.44,0.39,53.88,1.0,No
Team Nova,IGL,Frozen Base,Final,9,4,9,42.84,228.39,0.61,28.32,0.88,No
Team Alpha,Support,Skyline,Playoff,15,7,8,61.02,210.77,0.87,50.81,0.88,No
Team Nova,Flex,Neon City,Final,12,8,12,52.74,185.34,0.59,40.47,0.98,No
Titan Esports,Sniper,Skyline,Semi-Final,16,7,4,44.49,179.13,0.83,48.95,1.0,No
CyberX,Support,Dust Arena,Qualifier,13,8,8,48.8,214.36,0.86,41.8,0.93,No
CyberX,Flex,Neon City,Playoff,14,6,11,48.57,228.99,0.73,39.98,0.88,No
Titan Esports,Support,Neon City,Group Stage,15,2,7,49.34,229.02,0.67,42.97,1.0,No
Titan Esports,Support,Neon City,Group Stage,17,7,13,43.6,260.81,0.9,40.8,0.98,No
Team Nova,Sniper,Frozen Base,Semi-Final,15,6,6,25.03,253.63,0.5,37.52,0.96,No
Titan Esports,Sniper,Skyline,Qualifier,19,7,10,40.88,219.9,0.61,49.34,0.93,No
Red Vortex,Support,Skyline,Qualifier,18,9,12,58.1,222.57,0.32,58.85,0.92,No
Titan Esports,Flex,Desert Storm,Qualifier,11,4,5,46.77,209.44,0.02,44.19,0.99,No
Titan Esports,Flex,Frozen Base,Qualifier,18,10,11,42.64,219.01,0.92,47.12,0.92,No
Phantom Squad,Sniper,Dust Arena,Final,14,9,9,47.49,213.76,0.83,43.45,1.0,No
Phantom Squad,Flex,Dust Arena,Final,15,7,10,52.82,207.55,0.63,47.11,1.0,No
Red Vortex,Entry Fragger,Frozen Base,Playoff,18,9,8,42.92,231.12,0.93,49.16,1.0,No
Titan Esports,Flex,Desert Storm,Qualifier,11,5,13,51.31,222.37,0.98,29.86,0.77,No
Titan Esports,IGL,Skyline,Qualifier,13,11,10,40.22,237.0,0.26,44.51,0.74,No
Team Alpha,Entry Fragger,Frozen Base,Semi-Final,20,10,19,46.23,239.81,0.01,54.01,1.0,No
Phantom Squad,IGL,Desert Storm,Semi-Final,16,9,8,35.74,160.57,0.98,41.07,1.0,No
Team Alpha,Entry Fragger,Dust Arena,Qualifier,19,7,5,42.03,222.18,0.01,60.91,0.99,Yes
CyberX,Flex,Desert Storm,Final,13,10,10,50.83,190.62,0.19,49.52,0.83,No
Phantom Squad,Sniper,Dust Arena,Group Stage,24,8,12,47.77,199.34,0.42,63.69,1.0,Yes
Titan Esports,Support,Frozen Base,Qualifier,13,9,11,38.97,216.59,0.79,35.59,0.78,No
Red Vortex,Sniper,Skyline,Semi-Final,20,11,10,43.01,240.46,0.71,55.4,1.0,No
Team Alpha,Sniper,Neon City,Group Stage,12,10,12,45.32,286.24,0.49,39.76,0.84,No
Team Nova,IGL,Frozen Base,Final,10,8,13,38.59,215.38,0.56,28.7,0.71,No
Phantom Squad,Support,Neon City,Semi-Final,11,9,11,43.03,242.05,0.29,38.62,0.57,No
Team Alpha,Support,Neon City,Final,13,16,10,45.42,207.72,0.42,50.51,0.9,No
Phantom Squad,Flex,Dust Arena,Qualifier,13,8,10,51.69,187.97,0.77,42.14,0.94,No
Team Nova,IGL,Dust Arena,Playoff,13,2,11,49.7,293.8,0.3,38.85,0.97,No
Titan Esports,Sniper,Skyline,Semi-Final,4,8,6,39.93,162.81,0.65,23.46,0.97,No
Red Vortex,Flex,Skyline,Group Stage,15,10,12,44.07,177.27,0.33,46.73,1.0,No
Phantom Squad,Entry Fragger,Skyline,Semi-Final,9,10,9,59.46,269.24,0.75,41.23,0.82,No
Team Nova,Support,Desert Storm,Playoff,20,5,11,45.19,205.69,0.35,53.09,1.0,No
Team Alpha,Sniper,Frozen Base,Semi-Final,10,9,13,32.94,203.3,0.86,23.87,0.78,No
Team Nova,Sniper,Skyline,Group Stage,16,11,13,59.66,185.04,0.51,54.73,0.89,No
Titan Esports,Entry Fragger,Dust Arena,Final,10,12,9,44.46,236.55,0.76,37.63,0.79,No
Team Alpha,IGL,Skyline,Final,11,15,14,52.17,188.26,0.0,49.09,1.0,No
Team Alpha,Entry Fragger,Neon City,Qualifier,12,5,11,43.37,165.38,0.95,30.19,0.88,No
CyberX,Entry Fragger,Neon City,Semi-Final,14,5,17,37.75,224.73,0.97,25.18,0.77,No
Team Alpha,Entry Fragger,Neon City,Group Stage,15,6,11,38.71,229.97,0.56,38.76,0.91,No
Team Alpha,Support,Neon City,Qualifier,11,9,11,43.96,233.08,0.61,35.88,0.92,No
Team Alpha,Flex,Dust Arena,Playoff,13,7,9,42.43,219.03,0.43,40.92,1.0,No
Red Vortex,Sniper,Desert Storm,Semi-Final,17,7,7,61.75,255.89,0.35,61.38,1.0,Yes
Team Alpha,IGL,Dust Arena,Playoff,15,5,8,40.2,237.81,0.96,37.5,0.96,No
CyberX,Flex,Frozen Base,Qualifier,17,2,12,45.04,200.97,0.82,38.32,1.0,No
Team Nova,Support,Frozen Base,Final,10,7,5,55.23,202.28,0.6,43.61,1.0,No
Titan Esports,IGL,Neon City,Playoff,17,7,12,50.68,222.44,0.23,52.04,1.0,No
Titan Esports,Flex,Frozen Base,Final,10,11,14,45.01,199.79,0.37,35.8,0.98,No
Team Alpha,Entry Fragger,Skyline,Qualifier,12,8,19,49.22,224.86,0.37,33.91,1.0,No
Team Alpha,Support,Frozen Base,Playoff,8,9,9,60.49,224.08,0.06,45.65,1.0,No
Team Nova,Support,Frozen Base,Playoff,9,5,8,40.43,260.58,0.66,28.62,0.83,No
CyberX,Flex,Skyline,Group Stage,16,4,11,64.71,216.73,0.27,54.65,1.0,No
CyberX,Sniper,Frozen Base,Group Stage,13,11,15,57.68,265.46,0.31,47.74,1.0,No
Titan Esports,Flex,Skyline,Group Stage,13,7,14,49.04,273.74,0.85,35.02,0.88,No
Team Nova,Entry Fragger,Desert Storm,Group Stage,15,8,12,29.24,241.19,0.74,33.22,0.82,No
Titan Esports,Support,Dust Arena,Final,14,6,12,53.43,230.38,0.48,43.92,0.9,No
Phantom Squad,Flex,Desert Storm,Qualifier,22,6,17,52.22,230.89,0.36,55.51,1.0,No
Red Vortex,IGL,Skyline,Final,15,12,11,55.17,216.45,0.02,58.38,1.0,No
Red Vortex,Entry Fragger,Skyline,Qualifier,16,10,6,40.3,231.14,0.8,48.15,0.89,No
Phantom Squad,IGL,Neon City,Group Stage,11,5,3,70.26,247.2,0.27,56.43,1.0,No
Phantom Squad,IGL,Skyline,Final,6,10,15,50.82,281.54,0.95,22.91,0.66,No
Team Alpha,IGL,Frozen Base,Group Stage,19,12,13,52.77,181.14,0.64,56.99,1.0,No
Team Nova,Flex,Skyline,Final,15,5,9,30.81,232.46,0.29,38.51,0.94,No
Team Alpha,Flex,Frozen Base,Playoff,13,10,12,52.21,208.56,0.85,41.61,0.92,No
Team Alpha,IGL,Frozen Base,Qualifier,13,10,10,42.79,217.86,0.09,46.49,0.82,No
Team Alpha,Support,Dust Arena,Playoff,23,12,12,54.94,268.53,0.15,71.97,1.0,Yes
CyberX,IGL,Frozen Base,Playoff,10,12,9,35.04,249.07,0.04,40.12,1.0,No
CyberX,Entry Fragger,Skyline,Group Stage,19,9,8,48.77,258.16,0.11,62.29,1.0,Yes
Team Alpha,Sniper,Skyline,Playoff,15,7,13,48.78,181.2,0.85,39.89,0.76,No
CyberX,Sniper,Skyline,Qualifier,16,8,8,58.42,206.32,0.89,52.31,0.92,No
Red Vortex,Sniper,Neon City,Qualifier,22,4,8,49.99,256.27,0.76,57.4,1.0,No
Red Vortex,Support,Desert Storm,Qualifier,12,6,12,49.46,163.38,0.73,35.43,0.75,No
Titan Esports,Flex,Neon City,Group Stage,17,4,6,44.01,125.76,0.95,44.5,1.0,No
CyberX,Support,Dust Arena,Playoff,23,8,8,38.99,235.43,0.57,59.8,1.0,No
CyberX,Entry Fragger,Desert Storm,Final,20,8,14,40.63,258.8,0.13,53.02,1.0,No
Phantom Squad,Sniper,Neon City,Semi-Final,18,13,15,43.2,270.0,0.23,53.3,1.0,No
Titan Esports,IGL,Dust Arena,Playoff,18,7,6,34.25,258.8,0.25,51.62,1.0,No
CyberX,IGL,Desert Storm,Final,18,9,10,43.29,190.69,0.07,55.94,1.0,No
CyberX,Flex,Desert Storm,Final,13,10,7,38.02,219.12,0.82,39.81,0.94,No
Team Alpha,Flex,Frozen Base,Final,15,11,14,42.84,222.07,0.4,44.42,0.77,No
Titan Esports,Sniper,Neon City,Group Stage,12,6,14,39.48,272.53,0.18,33.94,0.78,No
Red Vortex,IGL,Neon City,Qualifier,16,9,13,43.87,229.07,0.42,45.73,0.98,No
Red Vortex,IGL,Desert Storm,Final,15,11,8,56.64,251.99,0.38,57.52,1.0,No
Titan Esports,Sniper,Desert Storm,Playoff,18,6,4,41.47,228.72,0.84,50.34,1.0,No
Phantom Squad,Entry Fragger,Skyline,Playoff,27,11,9,49.32,240.45,0.55,75.16,1.0,Yes
CyberX,Flex,Neon City,Group Stage,24,13,8,37.43,219.68,0.75,64.22,1.0,Yes
Team Nova,IGL,Neon City,Playoff,9,11,9,31.36,240.13,0.47,30.98,0.92,No
Team Alpha,Sniper,Desert Storm,Group Stage,21,11,13,51.45,213.15,0.24,63.32,1.0,Yes
Team Alpha,IGL,Desert Storm,Semi-Final,22,4,10,44.47,241.7,0.91,51.13,1.0,No
Red Vortex,IGL,Dust Arena,Playoff,13,10,9,41.02,253.38,0.58,41.71,0.94,No
Team Alpha,Sniper,Dust Arena,Playoff,13,10,6,52.09,198.96,0.62,49.84,0.9,No
Titan Esports,Sniper,Dust Arena,Semi-Final,15,6,12,34.65,247.03,0.57,35.62,0.77,No
Team Alpha,Entry Fragger,Desert Storm,Playoff,15,5,6,35.3,259.89,0.86,38.05,0.71,No
Titan Esports,Support,Desert Storm,Final,14,5,14,59.07,274.82,0.41,44.43,1.0,No
CyberX,Support,Neon City,Final,10,10,9,38.87,222.61,0.86,31.84,0.72,No
Phantom Squad,Support,Skyline,Final,18,10,11,42.74,207.32,0.22,54.17,1.0,No
Titan Esports,Sniper,Skyline,Qualifier,20,11,10,36.5,216.11,0.13,57.95,0.93,No
Red Vortex,Flex,Skyline,Qualifier,14,7,16,41.11,201.0,0.52,34.35,0.7,No
Phantom Squad,Flex,Skyline,Qualifier,18,9,9,47.9,220.98,0.53,54.65,1.0,No
CyberX,IGL,Neon City,Group Stage,9,3,13,48.05,266.37,0.12,30.82,0.59,No
CyberX,Entry Fragger,Neon City,Qualifier,21,5,11,48.86,219.12,0.33,57.13,1.0,No
Team Alpha,Support,Desert Storm,Qualifier,16,8,12,38.53,189.23,0.56,41.66,1.0,No
Red Vortex,Sniper,Skyline,Qualifier,7,6,12,37.32,250.81,0.78,18.86,0.77,No
Red Vortex,IGL,Desert Storm,Final,15,9,7,44.77,207.97,0.24,51.99,1.0,No
Phantom Squad,IGL,Skyline,Qualifier,8,6,6,59.44,204.81,0.27,43.02,1.0,No
CyberX,IGL,Frozen Base,Semi-Final,16,12,7,53.29,216.13,0.1,62.64,1.0,Yes
Team Nova,Entry Fragger,Desert Storm,Qualifier,9,8,5,38.36,172.43,0.18,38.38,0.95,No
CyberX,Sniper,Frozen Base,Semi-Final,9,3,14,43.61,232.47,0.65,22.3,0.71,No
Team Nova,IGL,Dust Arena,Final,18,12,6,43.35,263.01,0.85,55.17,0.87,No
Phantom Squad,Flex,Frozen Base,Semi-Final,16,10,11,43.7,255.86,0.73,45.55,0.93,No
CyberX,Entry Fragger,Neon City,Final,10,14,14,38.42,148.27,0.15,37.71,0.78,No
CyberX,Support,Dust Arena,Qualifier,24,7,7,51.95,176.81,0.57,68.27,1.0,Yes
Team Nova,IGL,Neon City,Semi-Final,12,9,8,62.37,196.05,0.43,51.89,1.0,No
Titan Esports,Support,Dust Arena,Final,11,11,20,43.53,230.11,0.99,24.87,0.71,No
Team Nova,Support,Desert Storm,Final,16,6,14,61.07,222.76,0.18,52.73,1.0,No
Phantom Squad,Support,Frozen Base,Final,15,2,7,35.92,218.82,0.67,36.26,0.7,No
CyberX,Flex,Dust Arena,Group Stage,14,10,14,51.03,215.15,0.61,43.41,0.94,No
CyberX,IGL,Skyline,Playoff,15,9,11,46.02,239.07,0.31,47.91,1.0,No
CyberX,IGL,Dust Arena,Group Stage,10,6,15,43.2,183.19,0.62,26.4,0.7,No
Red Vortex,Flex,Desert Storm,Semi-Final,14,4,7,44.39,264.91,0.34,43.8,0.95,No
Titan Esports,Flex,Desert Storm,Group Stage,12,9,16,38.4,215.15,0.97,26.5,0.74,No
Phantom Squad,Flex,Desert Storm,Final,17,13,11,46.5,231.65,0.33,55.95,1.0,No
Team Alpha,Flex,Desert Storm,Playoff,16,9,10,39.72,219.32,0.6,44.86,1.0,No
CyberX,Sniper,Frozen Base,Qualifier,9,12,8,41.85,178.14,0.19,41.02,0.96,No
CyberX,Support,Frozen Base,Semi-Final,10,11,7,44.47,206.12,0.66,39.63,0.94,No
Team Nova,IGL,Desert Storm,Group Stage,13,7,14,48.43,160.18,0.21,41.12,0.97,No
Phantom Squad,Support,Dust Arena,Semi-Final,10,7,8,50.21,216.2,0.37,40.41,0.85,No
Team Alpha,Support,Neon City,Group Stage,18,12,13,36.12,229.7,0.54,47.66,1.0,No
Red Vortex,Entry Fragger,Desert Storm,Playoff,15,4,11,38.3,225.41,0.78,34.35,0.75,No
Phantom Squad,Entry Fragger,Neon City,Qualifier,14,10,10,40.49,198.94,0.83,39.95,0.98,No
Phantom Squad,Entry Fragger,Desert Storm,Group Stage,12,7,13,46.67,207.34,0.47,36.64,0.81,No
Titan Esports,Support,Neon City,Qualifier,14,7,10,53.2,255.06,0.29,48.7,1.0,No
CyberX,IGL,Desert Storm,Qualifier,13,6,12,35.86,200.82,0.23,35.63,0.84,No
CyberX,Flex,Desert Storm,Semi-Final,11,8,7,45.92,219.11,0.67,39.26,0.85,No
Phantom Squad,Flex,Frozen Base,Qualifier,15,9,11,51.58,204.6,0.65,47.29,0.92,No
CyberX,Entry Fragger,Neon City,Playoff,7,6,7,46.79,194.61,0.68,29.59,0.89,No
Red Vortex,Entry Fragger,Skyline,Group Stage,15,15,11,47.96,168.43,0.03,57.68,1.0,No
Team Nova,Entry Fragger,Frozen Base,Qualifier,15,10,14,34.9,162.67,0.08,42.65,1.0,No
Titan Esports,Sniper,Neon City,Playoff,16,10,7,28.52,227.62,0.08,48.46,1.0,No
Team Nova,Flex,Desert Storm,Group Stage,10,12,4,37.7,241.04,0.72,39.65,0.86,No
Team Nova,Sniper,Frozen Base,Qualifier,18,10,8,55.18,190.57,0.74,58.19,1.0,No
Phantom Squad,Entry Fragger,Neon City,Qualifier,19,9,5,43.82,207.78,0.75,56.41,1.0,No
Phantom Squad,IGL,Skyline,Semi-Final,18,11,10,38.75,242.96,0.15,54.88,1.0,No
CyberX,Sniper,Dust Arena,Semi-Final,10,9,6,36.74,224.13,0.11,40.27,0.92,No
CyberX,Support,Skyline,Semi-Final,18,11,11,43.27,213.32,0.23,55.34,0.89,No
Titan Esports,Entry Fragger,Skyline,Group Stage,18,7,9,43.36,213.16,0.05,55.18,1.0,No
Titan Esports,Sniper,Desert Storm,Final,13,10,9,48.67,184.82,0.38,47.54,1.0,No
Team Nova,Sniper,Desert Storm,Final,15,10,9,48.91,203.61,0.96,45.85,1.0,No
Team Nova,Sniper,Desert Storm,Group Stage,19,6,13,44.14,213.56,0.6,47.07,0.77,No
CyberX,IGL,Dust Arena,Semi-Final,12,2,18,35.58,221.27,0.55,20.29,0.74,No
Red Vortex,IGL,Skyline,Group Stage,22,4,6,36.71,169.18,0.66,53.76,0.97,No
Titan Esports,IGL,Dust Arena,Semi-Final,22,7,16,45.27,194.36,0.23,55.34,1.0,No
CyberX,IGL,Skyline,Qualifier,15,10,8,43.14,273.1,0.71,46.47,1.0,No
CyberX,Support,Frozen Base,Final,20,10,5,34.78,187.5,0.95,52.89,1.0,No
Red Vortex,Entry Fragger,Dust Arena,Playoff,15,6,14,54.13,228.18,0.57,43.36,1.0,No
CyberX,Entry Fragger,Neon City,Qualifier,21,8,14,50.36,216.64,0.43,56.88,0.98,No
Red Vortex,Support,Desert Storm,Qualifier,15,9,8,28.97,195.48,0.31,42.38,1.0,No
Team Alpha,IGL,Frozen Base,Qualifier,15,12,7,41.63,175.07,0.73,48.52,0.85,No
Team Nova,IGL,Skyline,Qualifier,15,6,12,50.05,192.78,0.92,39.82,0.9,No
Team Alpha,Sniper,Skyline,Qualifier,13,3,15,49.73,215.31,0.69,31.96,0.79,No
CyberX,IGL,Neon City,Group Stage,13,12,17,52.45,217.19,0.04,46.83,0.97,No
Phantom Squad,Entry Fragger,Frozen Base,Playoff,11,5,12,61.41,194.43,0.83,37.41,1.0,No
CyberX,Support,Skyline,Semi-Final,14,9,8,37.18,203.0,0.8,39.59,0.98,No
Team Alpha,Entry Fragger,Skyline,Semi-Final,12,17,6,36.99,242.22,0.0,53.5,1.0,No
Titan Esports,Sniper,Skyline,Playoff,17,6,3,44.46,177.15,0.3,56.23,1.0,No
CyberX,Sniper,Neon City,Qualifier,11,8,9,28.54,228.06,0.54,29.87,0.76,No
Red Vortex,Support,Skyline,Final,8,3,12,45.98,189.53,0.61,23.89,0.79,No
Red Vortex,Entry Fragger,Neon City,Final,14,4,17,38.81,213.29,0.11,33.3,0.84,No
Team Alpha,Flex,Skyline,Playoff,16,3,8,45.35,223.55,0.59,43.77,0.82,No
CyberX,Support,Desert Storm,Group Stage,15,6,9,41.44,236.26,0.73,40.42,0.86,No
Red Vortex,Flex,Frozen Base,Final,12,3,10,56.99,207.35,0.07,44.8,1.0,No
Team Nova,IGL,Desert Storm,Semi-Final,16,5,10,45.15,259.38,0.92,40.38,1.0,No
Team Alpha,Flex,Neon City,Final,17,7,9,48.18,268.5,0.11,54.99,0.98,No
Phantom Squad,Entry Fragger,Neon City,Semi-Final,12,9,5,53.44,248.32,0.67,48.02,0.88,No
CyberX,Sniper,Desert Storm,Final,16,6,8,41.07,237.62,0.33,47.23,0.9,No
CyberX,IGL,Skyline,Group Stage,17,8,11,48.35,161.86,0.69,48.27,1.0,No
Red Vortex,IGL,Dust Arena,Semi-Final,18,9,10,43.03,187.36,0.97,46.81,0.9,No
CyberX,Sniper,Neon City,Group Stage,18,11,10,45.01,288.4,0.1,58.5,1.0,No
Team Nova,Entry Fragger,Neon City,Semi-Final,21,7,7,33.7,253.92,0.42,54.65,1.0,No
Red Vortex,Sniper,Desert Storm,Group Stage,13,8,9,42.86,233.45,0.87,37.73,0.77,No
Red Vortex,Entry Fragger,Frozen Base,Semi-Final,14,9,11,38.05,247.17,0.97,35.33,0.87,No
Titan Esports,Entry Fragger,Neon City,Final,17,7,11,43.51,205.62,0.23,49.45,1.0,No
Phantom Squad,IGL,Desert Storm,Group Stage,15,5,8,34.69,216.71,0.84,35.95,0.87,No
Team Alpha,Entry Fragger,Skyline,Final,10,4,13,39.07,245.68,0.33,27.23,0.79,No
CyberX,IGL,Skyline,Semi-Final,14,13,13,30.17,255.95,0.02,42.88,0.9,No
CyberX,Entry Fragger,Neon City,Playoff,11,9,8,39.52,273.79,0.86,34.16,0.76,No
Red Vortex,Entry Fragger,Neon City,Playoff,15,9,9,46.81,240.18,0.16,51.8,0.9,No
CyberX,Entry Fragger,Skyline,Semi-Final,7,11,16,40.17,172.93,0.24,26.69,0.88,No
Team Nova,Flex,Frozen Base,Semi-Final,19,7,9,46.42,204.68,0.47,54.51,1.0,No
Team Alpha,IGL,Desert Storm,Group Stage,20,10,13,49.71,198.81,0.09,60.96,1.0,Yes
Team Alpha,IGL,Desert Storm,Qualifier,13,8,16,45.2,264.82,0.31,37.5,0.9,No
Phantom Squad,Flex,Desert Storm,Semi-Final,17,4,16,41.52,175.66,0.92,33.56,0.82,No
Red Vortex,Support,Neon City,Final,14,5,10,53.26,209.35,0.68,42.83,0.83,No
Team Alpha,IGL,Frozen Base,Qualifier,12,8,8,36.96,286.89,0.41,38.38,0.83,No
Red Vortex,Support,Dust Arena,Final,11,13,12,44.97,279.82,0.45,40.98,0.93,No
Team Alpha,Support,Dust Arena,Semi-Final,12,8,11,53.46,217.58,0.44,43.33,0.99,No
Team Alpha,Support,Neon City,Group Stage,20,5,15,42.54,231.65,0.85,42.77,0.91,No
Team Nova,Sniper,Dust Arena,Final,20,8,6,37.21,197.76,0.13,59.31,1.0,No
Red Vortex,Support,Neon City,Qualifier,18,8,6,46.62,228.46,0.79,53.41,0.89,No
Team Alpha,Support,Frozen Base,Group Stage,13,10,7,42.14,230.47,0.87,41.37,0.88,No
Phantom Squad,Support,Neon City,Group Stage,17,6,8,43.34,199.29,0.57,47.97,0.92,No
Phantom Squad,Flex,Frozen Base,Group Stage,13,4,10,56.66,235.62,0.19,46.43,1.0,No
Team Alpha,Flex,Dust Arena,Playoff,18,9,8,47.26,205.55,0.74,53.23,1.0,No
Phantom Squad,Sniper,Desert Storm,Group Stage,17,12,13,32.92,199.37,0.29,46.56,0.99,No
Phantom Squad,Support,Frozen Base,Qualifier,11,6,11,42.85,195.99,0.03,38.12,0.88,No
Team Alpha,IGL,Desert Storm,Semi-Final,15,11,6,48.19,197.83,0.46,54.49,0.93,No
CyberX,Support,Frozen Base,Playoff,10,7,8,45.82,240.64,0.72,34.71,0.81,No
CyberX,Flex,Neon City,Playoff,17,8,10,47.8,224.0,0.49,51.0,1.0,No
CyberX,Flex,Desert Storm,Playoff,9,7,16,41.33,244.07,0.12,28.46,0.95,No
CyberX,Entry Fragger,Dust Arena,Group Stage,25,9,14,52.55,225.85,0.47,66.58,1.0,Yes
Phantom Squad,Sniper,Frozen Base,Semi-Final,14,4,2,49.97,229.76,0.36,51.38,1.0,No
CyberX,Support,Skyline,Playoff,21,9,7,53.84,145.7,0.9,61.92,1.0,Yes
Titan Esports,Flex,Neon City,Semi-Final,17,10,10,39.02,224.94,0.2,51.51,1.0,No
CyberX,Entry Fragger,Neon City,Playoff,16,2,14,39.93,209.2,0.1,38.97,0.91,No
Titan Esports,IGL,Skyline,Playoff,11,7,11,39.06,263.33,0.5,32.53,0.66,No
CyberX,Entry Fragger,Neon City,Final,21,6,13,35.55,201.32,0.59,46.88,1.0,No
Team Alpha,IGL,Frozen Base,Group Stage,9,9,6,34.9,202.25,0.19,36.55,0.84,No
Team Nova,Sniper,Neon City,Semi-Final,21,17,13,34.54,225.58,0.35,59.77,1.0,No
Phantom Squad,Entry Fragger,Neon City,Qualifier,10,8,17,58.91,233.21,0.69,33.55,0.83,No
Red Vortex,IGL,Neon City,Playoff,18,12,7,37.33,184.54,0.35,56.16,1.0,No
Team Alpha,Flex,Skyline,Group Stage,13,7,9,43.62,275.57,0.31,42.71,0.9,No
Red Vortex,IGL,Frozen Base,Semi-Final,13,10,6,43.06,250.0,0.17,49.83,1.0,No
CyberX,Sniper,Dust Arena,Playoff,20,9,7,51.07,208.8,0.35,64.03,0.95,Yes
Phantom Squad,Flex,Skyline,Final,12,5,12,59.22,249.87,0.77,38.91,0.88,No
Phantom Squad,Flex,Frozen Base,Group Stage,17,5,14,41.2,200.43,0.49,40.7,0.99,No
Team Nova,Entry Fragger,Frozen Base,Final,15,2,5,22.86,191.66,0.89,29.53,0.86,No
Team Alpha,Sniper,Dust Arena,Final,23,8,13,44.48,254.89,0.83,54.94,1.0,No
Titan Esports,IGL,Neon City,Final,10,10,9,44.23,185.95,0.2,41.11,0.86,No
Red Vortex,Sniper,Desert Storm,Final,11,12,12,39.72,227.14,0.18,40.06,1.0,No
Titan Esports,IGL,Neon City,Semi-Final,10,8,4,42.31,221.59,0.58,39.36,0.87,No
CyberX,Sniper,Skyline,Playoff,14,4,7,45.69,235.16,0.99,37.95,0.81,No
CyberX,Flex,Neon City,Group Stage,13,6,9,27.6,168.41,0.35,33.3,0.8,No
Phantom Squad,Sniper,Neon City,Semi-Final,9,20,12,31.65,241.37,0.15,40.33,0.94,No
Red Vortex,Sniper,Dust Arena,Group Stage,19,4,11,47.74,243.69,0.03,54.57,1.0,No
Team Alpha,Sniper,Skyline,Playoff,18,5,13,56.08,227.56,0.61,49.94,1.0,No
CyberX,IGL,Skyline,Semi-Final,16,10,10,34.34,213.2,0.72,41.97,0.98,No
Titan Esports,Flex,Neon City,Playoff,14,9,17,44.17,181.68,0.97,32.39,0.68,No
Titan Esports,Sniper,Neon City,Final,11,10,14,33.63,245.77,0.97,25.11,0.76,No
Titan Esports,IGL,Frozen Base,Semi-Final,12,3,4,39.89,187.59,0.87,34.25,0.76,No
CyberX,Support,Neon City,Group Stage,8,9,10,50.69,237.74,0.63,34.05,0.82,No
Red Vortex,Sniper,Dust Arena,Semi-Final,22,7,14,27.56,218.29,0.4,46.78,1.0,No
Team Nova,Flex,Desert Storm,Semi-Final,14,8,8,41.32,202.55,0.42,44.46,0.86,No
Team Alpha,Sniper,Desert Storm,Semi-Final,13,9,10,44.58,198.45,0.83,38.99,0.77,No
Team Alpha,Sniper,Skyline,Final,18,9,10,43.71,148.52,0.78,49.06,0.88,No
CyberX,Sniper,Dust Arena,Final,11,12,5,49.43,232.61,0.78,45.92,0.98,No
Team Nova,Support,Neon City,Qualifier,17,13,10,63.37,246.77,0.12,67.48,1.0,Yes
Team Nova,Sniper,Desert Storm,Group Stage,20,9,13,39.87,253.32,0.88,47.14,1.0,No
CyberX,Flex,Neon City,Final,15,13,10,48.31,280.67,0.39,53.26,1.0,No
Red Vortex,Entry Fragger,Dust Arena,Final,15,4,13,45.57,252.36,0.02,43.58,0.88,No
Phantom Squad,Support,Skyline,Qualifier,19,10,9,47.63,220.72,0.57,57.11,1.0,No
Phantom Squad,Support,Neon City,Final,21,5,10,36.15,223.05,0.93,45.78,1.0,No
Team Alpha,Entry Fragger,Desert Storm,Final,9,12,14,32.37,226.52,0.81,24.09,0.83,No
Red Vortex,Support,Frozen Base,Qualifier,14,7,10,45.76,266.67,0.61,41.78,1.0,No
Team Nova,Support,Frozen Base,Group Stage,22,10,17,46.44,176.32,0.77,52.52,1.0,No
Phantom Squad,Flex,Frozen Base,Semi-Final,18,8,7,30.93,234.52,0.83,44.17,0.93,No
Team Alpha,Sniper,Desert Storm,Final,15,6,8,31.53,220.69,0.69,36.87,0.76,No
Titan Esports,Entry Fragger,Skyline,Playoff,16,10,9,55.74,230.73,0.79,52.97,0.86,No
Red Vortex,Entry Fragger,Neon City,Semi-Final,19,10,12,57.4,223.09,0.41,60.6,1.0,Yes
Titan Esports,Entry Fragger,Skyline,Playoff,10,6,16,47.83,179.9,0.47,29.21,0.89,No
Team Alpha,Flex,Desert Storm,Playoff,14,7,10,43.46,219.45,0.14,45.33,0.94,No
Phantom Squad,Flex,Neon City,Final,10,6,7,50.17,264.23,0.39,40.19,0.93,No
Team Nova,Sniper,Dust Arena,Semi-Final,13,11,10,42.01,203.39,0.94,38.6,0.87,No
Titan Esports,IGL,Skyline,Final,13,6,9,50.0,167.64,0.15,46.5,0.9,No
Team Alpha,Entry Fragger,Neon City,Final,16,11,9,53.89,219.99,0.21,58.84,1.0,No
Team Nova,Entry Fragger,Skyline,Group Stage,10,11,11,56.43,203.18,0.65,41.72,0.81,No
Phantom Squad,Entry Fragger,Desert Storm,Semi-Final,15,5,10,51.58,219.33,0.87,42.09,0.96,No
CyberX,Support,Desert Storm,Playoff,20,7,14,43.6,284.74,0.37,51.1,1.0,No
CyberX,Support,Skyline,Group Stage,16,6,11,46.22,187.37,0.45,45.61,0.98,No
Titan Esports,Support,Desert Storm,Playoff,13,9,5,47.39,201.29,0.03,53.4,0.93,No
CyberX,Support,Neon City,Qualifier,11,4,4,47.63,209.2,0.38,42.02,1.0,No
Team Alpha,Sniper,Neon City,Group Stage,10,6,10,43.06,297.41,0.3,34.53,1.0,No
Titan Esports,Sniper,Desert Storm,Group Stage,7,10,7,50.33,241.44,0.06,41.56,0.95,No
Team Alpha,IGL,Dust Arena,Semi-Final,16,6,14,41.99,227.84,0.03,44.7,0.85,No
Phantom Squad,Support,Skyline,Playoff,19,15,11,37.6,199.72,0.53,55.5,0.86,No
Red Vortex,Flex,Neon City,Playoff,14,4,13,47.35,206.18,0.31,39.57,0.9,No
Titan Esports,Support,Frozen Base,Qualifier,13,6,12,45.3,175.2,0.55,37.15,0.88,No
CyberX,IGL,Neon City,Playoff,30,9,9,24.81,210.97,0.8,64.41,1.0,Yes
CyberX,Sniper,Neon City,Semi-Final,9,7,9,48.0,250.88,0.89,31.1,0.76,No
Team Alpha,IGL,Frozen Base,Group Stage,11,7,6,40.11,243.63,0.8,35.05,0.71,No
Team Nova,IGL,Dust Arena,Final,18,12,7,45.63,259.17,0.38,60.02,1.0,Yes
Titan Esports,IGL,Skyline,Qualifier,15,20,11,44.9,228.52,0.23,59.15,1.0,No
Red Vortex,IGL,Desert Storm,Final,8,6,13,35.52,241.14,0.05,26.26,0.84,No
Team Nova,IGL,Desert Storm,Semi-Final,21,9,14,43.19,168.1,0.08,57.8,1.0,No
CyberX,Entry Fragger,Frozen Base,Semi-Final,12,6,10,57.47,213.87,0.77,41.03,0.98,No
Team Nova,Entry Fragger,Neon City,Playoff,14,5,14,48.71,184.97,0.68,36.56,0.81,No
Titan Esports,Support,Desert Storm,Group Stage,13,12,9,44.87,278.79,0.62,45.23,0.98,No
Team Nova,IGL,Dust Arena,Playoff,12,9,9,34.02,186.6,0.69,34.11,0.91,No
Titan Esports,Sniper,Skyline,Group Stage,22,9,13,37.4,217.72,0.51,53.6,1.0,No
Phantom Squad,Support,Skyline,Qualifier,16,9,10,34.94,225.48,0.82,40.27,0.76,No
Red Vortex,Sniper,Frozen Base,Group Stage,19,8,5,37.74,238.13,0.18,58.07,1.0,No
Team Nova,Support,Neon City,Final,16,10,9,41.98,257.97,0.03,53.69,1.0,No
CyberX,IGL,Frozen Base,Qualifier,18,8,9,46.02,223.58,0.13,56.71,1.0,No
Team Nova,Support,Dust Arena,Final,15,6,11,32.71,272.74,0.3,38.36,0.97,No
Red Vortex,IGL,Desert Storm,Group Stage,17,4,4,54.41,221.8,0.22,59.0,1.0,No
Titan Esports,Entry Fragger,Dust Arena,Qualifier,19,8,7,35.67,292.1,0.66,50.23,1.0,No
Red Vortex,Flex,Skyline,Semi-Final,23,5,5,51.15,253.79,0.71,64.48,1.0,Yes
CyberX,Support,Dust Arena,Qualifier,17,9,7,54.04,254.82,0.55,57.52,1.0,No
Titan Esports,Flex,Desert Storm,Playoff,12,15,9,48.53,209.03,0.57,48.56,0.98,No
Titan Esports,IGL,Desert Storm,Qualifier,9,10,13,37.64,245.5,0.4,29.82,0.65,No
Team Alpha,Sniper,Skyline,Final,9,6,11,37.64,235.62,0.91,22.72,0.68,No
CyberX,IGL,Neon City,Qualifier,19,5,5,47.63,279.05,0.08,61.02,1.0,Yes
Team Alpha,Support,Frozen Base,Semi-Final,16,4,9,30.4,223.13,0.55,36.7,0.81,No
Team Nova,Flex,Neon City,Semi-Final,13,5,10,34.38,204.96,0.76,30.59,0.82,No
Titan Esports,Flex,Dust Arena,Group Stage,13,10,5,26.13,258.52,0.31,40.96,0.89,No
Phantom Squad,Flex,Skyline,Playoff,14,4,5,39.27,222.55,0.14,45.24,1.0,No
Phantom Squad,IGL,Desert Storm,Playoff,16,9,12,36.0,268.54,0.44,42.6,0.81,No
Red Vortex,Entry Fragger,Dust Arena,Qualifier,12,8,14,44.86,188.24,0.28,37.63,0.72,No
Red Vortex,Flex,Frozen Base,Group Stage,14,5,11,62.47,264.36,0.71,46.13,0.86,No
Titan Esports,Support,Desert Storm,Final,22,6,8,43.11,215.97,0.73,56.26,1.0,No
Red Vortex,IGL,Dust Arena,Final,10,11,13,30.36,181.6,0.66,26.58,0.74,No
Titan Esports,Flex,Neon City,Group Stage,12,6,7,34.72,184.98,0.04,39.96,0.95,No
Titan Esports,Entry Fragger,Dust Arena,Final,14,2,7,61.86,160.33,0.18,52.13,1.0,No
CyberX,Entry Fragger,Neon City,Semi-Final,18,8,9,43.32,204.56,0.23,54.36,0.96,No
Red Vortex,IGL,Neon City,Group Stage,11,8,9,39.2,257.52,0.78,32.8,0.86,No
Red Vortex,Flex,Neon City,Semi-Final,12,5,15,41.66,217.5,0.37,31.13,0.76,No
Red Vortex,IGL,Frozen Base,Group Stage,20,7,5,39.34,193.81,0.81,53.57,0.99,No
Team Alpha,Flex,Skyline,Qualifier,18,8,10,49.89,230.45,0.01,58.84,1.0,No
Phantom Squad,IGL,Skyline,Qualifier,17,11,12,51.03,174.14,0.96,48.91,1.0,No
Titan Esports,IGL,Desert Storm,Semi-Final,21,0,10,39.28,218.66,0.52,46.44,0.92,No
Red Vortex,Flex,Neon City,Playoff,13,14,10,44.0,212.92,0.75,44.5,1.0,No
Team Nova,Support,Frozen Base,Group Stage,15,7,6,51.15,243.67,0.53,51.28,1.0,No
Team Alpha,Flex,Desert Storm,Qualifier,19,5,6,50.21,224.1,0.07,61.41,1.0,Yes
Red Vortex,Sniper,Desert Storm,Final,11,7,4,38.45,195.87,0.99,34.33,0.91,No
Phantom Squad,Support,Skyline,Final,16,13,10,48.95,199.5,0.47,54.78,1.0,No
Team Alpha,Entry Fragger,Neon City,Qualifier,19,10,7,71.27,243.5,0.89,67.73,1.0,Yes
Red Vortex,Entry Fragger,Frozen Base,Qualifier,14,8,9,43.2,191.16,0.79,40.7,0.9,No
CyberX,Sniper,Desert Storm,Group Stage,17,9,7,57.86,265.16,0.39,61.03,1.0,Yes
CyberX,Support,Desert Storm,Qualifier,14,9,9,42.75,232.66,0.31,46.27,0.88,No
Titan Esports,Sniper,Neon City,Group Stage,21,8,11,50.61,241.69,0.23,62.01,1.0,Yes
Team Alpha,Flex,Frozen Base,Playoff,9,11,17,36.03,209.95,0.04,29.62,0.83,No
Titan Esports,Sniper,Neon City,Final,18,9,10,57.76,189.53,0.69,56.98,1.0,No
Team Nova,Sniper,Desert Storm,Playoff,14,5,12,42.1,182.9,0.78,34.25,0.88,No
Titan Esports,Flex,Desert Storm,Semi-Final,24,10,11,49.71,236.72,0.46,67.26,1.0,Yes
CyberX,Entry Fragger,Desert Storm,Semi-Final,5,9,9,36.36,172.8,0.63,21.88,0.61,No
Red Vortex,Entry Fragger,Dust Arena,Playoff,16,6,7,58.12,204.9,0.24,57.66,1.0,No
Team Alpha,Flex,Skyline,Qualifier,12,7,19,46.85,237.84,0.38,31.62,0.61,No
Team Alpha,Sniper,Dust Arena,Qualifier,18,5,4,52.86,207.08,0.36,59.83,1.0,No
Team Alpha,Entry Fragger,Skyline,Semi-Final,13,7,9,41.55,206.24,0.48,39.98,0.86,No
CyberX,Entry Fragger,Skyline,Playoff,8,7,7,35.92,232.16,0.41,29.86,0.51,No
CyberX,Sniper,Desert Storm,Group Stage,28,12,11,35.17,222.8,0.73,67.29,1.0,Yes
Titan Esports,Entry Fragger,Skyline,Final,13,9,7,55.18,251.45,0.7,48.59,0.89,No
Team Nova,Entry Fragger,Dust Arena,Group Stage,14,9,7,57.79,235.74,0.22,56.69,0.98,No
Team Alpha,Support,Desert Storm,Group Stage,8,8,5,55.4,150.85,0.37,43.0,0.73,No
Team Nova,Support,Neon City,Playoff,13,5,6,35.85,209.72,0.71,35.82,0.93,No
Team Nova,Sniper,Dust Arena,Final,16,7,11,46.07,251.85,0.48,46.23,0.98,No
Titan Esports,Flex,Frozen Base,Final,9,12,9,48.01,179.77,0.61,38.9,1.0,No
Team Nova,Entry Fragger,Frozen Base,Final,19,8,6,43.78,232.52,0.64,55.49,1.0,No
Phantom Squad,Entry Fragger,Dust Arena,Group Stage,16,13,14,46.15,277.63,0.54,48.68,0.99,No
Phantom Squad,Entry Fragger,Dust Arena,Qualifier,17,5,9,38.58,278.28,0.65,42.79,1.0,No
Titan Esports,Support,Desert Storm,Playoff,18,11,8,55.52,209.89,0.95,57.26,1.0,No
CyberX,Flex,Frozen Base,Final,16,10,5,55.41,221.76,0.08,63.91,1.0,Yes
Team Alpha,Entry Fragger,Frozen Base,Semi-Final,11,9,11,34.88,276.57,0.62,31.24,0.8,No
Team Nova,Flex,Frozen Base,Semi-Final,14,7,10,44.61,251.65,0.18,45.51,0.89,No
Red Vortex,Flex,Neon City,Final,17,5,12,41.54,293.23,0.74,40.37,0.9,No
Phantom Squad,Sniper,Neon City,Final,22,9,10,28.47,248.64,0.92,48.03,1.0,No
Titan Esports,Support,Frozen Base,Group Stage,15,11,13,44.04,178.38,0.68,43.22,0.83,No
Team Alpha,Flex,Desert Storm,Final,21,7,7,60.33,253.59,0.89,63.26,1.0,Yes
CyberX,Sniper,Neon City,Final,17,8,10,30.77,254.4,0.61,41.28,0.86,No
CyberX,Entry Fragger,Frozen Base,Qualifier,13,6,19,45.78,226.19,0.69,28.99,0.74,No
Phantom Squad,Support,Neon City,Group Stage,21,3,10,46.08,176.58,0.2,56.04,1.0,No
CyberX,Support,Skyline,Final,8,4,11,36.6,200.14,0.59,21.4,0.75,No
Team Alpha,Sniper,Dust Arena,Playoff,17,12,12,40.65,244.78,0.45,49.83,0.89,No
Team Alpha,Entry Fragger,Dust Arena,Qualifier,14,7,14,37.75,197.02,0.43,35.58,0.88,No
CyberX,IGL,Neon City,Qualifier,12,12,12,49.59,214.55,0.86,40.2,0.82,No
Red Vortex,Flex,Desert Storm,Final,14,7,16,41.09,219.55,0.45,35.05,0.79,No
Phantom Squad,Sniper,Desert Storm,Group Stage,19,7,13,37.79,205.12,0.04,50.49,0.99,No
Phantom Squad,Flex,Desert Storm,Playoff,12,7,4,35.03,226.52,0.98,34.72,0.85,No
CyberX,IGL,Skyline,Group Stage,15,13,13,35.0,241.88,0.9,38.5,0.91,No
Red Vortex,Support,Desert Storm,Semi-Final,19,5,4,39.2,193.45,0.38,54.8,1.0,No
Team Nova,IGL,Dust Arena,Qualifier,13,16,8,53.2,247.27,0.29,57.7,1.0,No
Red Vortex,Entry Fragger,Skyline,Group Stage,13,10,10,30.06,241.03,0.08,40.23,0.81,No
Red Vortex,IGL,Neon City,Semi-Final,16,6,10,51.0,218.41,0.72,46.3,1.0,No
CyberX,IGL,Neon City,Semi-Final,16,10,10,47.48,263.2,0.79,47.84,1.0,No
Phantom Squad,IGL,Skyline,Group Stage,12,10,11,45.97,213.92,0.73,38.69,0.91,No
Phantom Squad,Entry Fragger,Dust Arena,Semi-Final,19,8,7,48.31,233.6,0.48,58.36,1.0,No
Titan Esports,IGL,Frozen Base,Qualifier,16,15,11,54.59,246.23,0.23,61.0,1.0,Yes
Titan Esports,Support,Desert Storm,Semi-Final,15,18,7,42.06,203.14,0.31,58.93,1.0,No
Phantom Squad,Entry Fragger,Skyline,Qualifier,14,4,7,37.78,259.84,0.46,39.29,0.86,No
Team Nova,Support,Dust Arena,Playoff,9,7,10,36.3,241.61,0.75,25.65,0.81,No
Red Vortex,Flex,Frozen Base,Qualifier,10,7,6,45.98,262.84,0.09,43.09,1.0,No
Phantom Squad,IGL,Frozen Base,Group Stage,18,7,10,55.78,230.86,0.43,56.59,0.94,No
Phantom Squad,Entry Fragger,Desert Storm,Qualifier,13,10,8,39.02,166.45,0.49,42.61,0.93,No
Red Vortex,Entry Fragger,Neon City,Qualifier,13,7,13,54.26,290.86,0.23,44.83,0.95,No
Red Vortex,Entry Fragger,Frozen Base,Group Stage,18,12,4,50.03,171.13,0.6,63.02,1.0,Yes
Phantom Squad,Flex,Skyline,Group Stage,15,5,11,57.29,262.28,0.55,47.14,0.97,No
CyberX,Entry Fragger,Frozen Base,Qualifier,12,7,8,52.95,239.73,0.26,46.88,1.0,No
Red Vortex,Flex,Desert Storm,Final,14,8,7,39.49,247.95,0.23,46.45,1.0,No
Titan Esports,Sniper,Frozen Base,Qualifier,22,8,12,41.03,253.34,0.48,55.72,1.0,No
Titan Esports,Support,Desert Storm,Qualifier,11,14,13,51.57,242.62,0.67,42.08,0.99,No
Red Vortex,Entry Fragger,Dust Arena,Semi-Final,12,5,10,62.76,238.19,0.92,41.18,0.86,No
Team Alpha,Flex,Desert Storm,Group Stage,4,10,6,37.96,196.99,0.98,21.18,0.53,No
Team Nova,Entry Fragger,Dust Arena,Qualifier,10,6,6,39.91,225.21,0.46,35.35,0.72,No
Red Vortex,Flex,Neon City,Semi-Final,13,5,6,59.92,229.72,0.15,53.46,1.0,No
Team Nova,Support,Dust Arena,Qualifier,20,7,8,64.53,205.96,0.48,66.47,1.0,Yes
Titan Esports,IGL,Neon City,Qualifier,8,7,10,43.38,242.37,0.48,29.89,0.81,No
Phantom Squad,Flex,Neon City,Final,16,14,9,47.6,263.79,0.99,50.9,1.0,No
CyberX,IGL,Desert Storm,Group Stage,19,9,11,42.05,194.32,0.73,49.73,1.0,No
Titan Esports,IGL,Skyline,Final,16,9,3,45.07,272.72,0.37,56.83,1.0,No
Team Alpha,Flex,Skyline,Group Stage,13,10,13,40.9,195.03,0.51,38.35,0.92,No
CyberX,Sniper,Desert Storm,Qualifier,8,7,9,45.74,208.01,0.95,27.37,0.77,No
Phantom Squad,Support,Desert Storm,Playoff,15,9,6,47.28,203.19,0.52,51.44,1.0,No
Team Nova,Entry Fragger,Desert Storm,Final,13,10,12,44.85,246.0,0.45,41.92,0.83,No
CyberX,Flex,Dust Arena,Qualifier,15,5,11,47.79,202.74,0.63,41.59,0.94,No
CyberX,Flex,Neon City,Semi-Final,12,10,15,46.18,200.71,0.12,40.89,0.96,No
Team Nova,Sniper,Desert Storm,Group Stage,9,6,6,54.35,223.31,0.29,42.27,1.0,No
Team Alpha,Flex,Desert Storm,Group Stage,13,9,6,41.7,291.43,0.6,43.85,0.93,No
Team Nova,Sniper,Dust Arena,Group Stage,17,5,8,34.34,210.43,0.74,40.77,0.82,No
Phantom Squad,Support,Neon City,Semi-Final,12,6,11,53.69,168.51,0.17,44.14,0.89,No
Red Vortex,Sniper,Frozen Base,Final,19,6,8,56.22,223.75,0.43,59.81,1.0,No
Phantom Squad,IGL,Neon City,Final,12,8,9,53.67,198.35,0.97,40.14,0.76,No
Red Vortex,Sniper,Frozen Base,Semi-Final,17,6,10,43.37,206.99,0.82,43.48,0.99,No
Phantom Squad,Entry Fragger,Skyline,Playoff,12,6,7,44.87,211.87,0.43,41.14,1.0,No
CyberX,Support,Desert Storm,Playoff,12,11,6,42.25,231.94,0.06,49.52,0.95,No
Red Vortex,IGL,Neon City,Playoff,8,8,8,31.62,200.59,0.81,23.71,0.95,No
Red Vortex,Sniper,Dust Arena,Qualifier,11,10,14,42.95,202.72,0.38,35.68,0.84,No
Phantom Squad,Support,Desert Storm,Final,21,7,5,54.34,205.28,0.27,68.47,1.0,Yes
Team Nova,IGL,Neon City,Semi-Final,17,8,11,50.4,181.15,0.62,50.0,1.0,No
Phantom Squad,Sniper,Skyline,Final,16,7,9,38.71,254.05,0.94,39.96,0.7,No
Titan Esports,Flex,Neon City,Semi-Final,15,6,12,37.66,225.5,0.18,41.03,0.77,No
Red Vortex,IGL,Frozen Base,Playoff,14,9,8,45.27,209.16,0.73,44.34,1.0,No
Titan Esports,IGL,Frozen Base,Playoff,18,13,12,50.04,222.18,0.89,53.12,1.0,No
CyberX,Entry Fragger,Desert Storm,Group Stage,13,16,12,49.65,280.02,0.88,46.03,0.89,No
Team Alpha,Entry Fragger,Frozen Base,Group Stage,20,6,9,44.35,195.45,0.89,50.27,0.99,No
Phantom Squad,Entry Fragger,Dust Arena,Qualifier,16,12,12,60.73,209.54,0.91,53.26,1.0,No
Team Nova,IGL,Desert Storm,Semi-Final,14,7,8,55.23,224.3,0.14,53.21,0.96,No
Red Vortex,Sniper,Skyline,Final,16,5,10,43.7,194.01,0.92,39.65,0.98,No
CyberX,Support,Neon City,Semi-Final,18,10,14,49.69,211.11,0.31,53.74,1.0,No
Team Alpha,IGL,Skyline,Playoff,18,9,8,53.46,199.13,0.67,57.03,1.0,No
Team Nova,Flex,Desert Storm,Group Stage,16,8,12,49.79,201.6,0.07,52.19,0.99,No
Phantom Squad,IGL,Frozen Base,Playoff,18,14,3,58.3,236.19,0.55,70.65,1.0,Yes
Phantom Squad,Entry Fragger,Desert Storm,Final,11,6,9,52.32,227.85,0.17,43.46,0.96,No
Titan Esports,Entry Fragger,Skyline,Group Stage,15,8,8,41.44,194.62,0.59,44.82,0.94,No
Phantom Squad,IGL,Neon City,Final,9,5,10,44.91,251.4,0.31,32.35,0.75,No
Red Vortex,Sniper,Neon City,Playoff,14,8,9,50.5,251.46,0.67,45.55,0.91,No
Phantom Squad,IGL,Neon City,Playoff,24,7,15,37.44,199.97,0.83,50.42,0.78,No
CyberX,Sniper,Dust Arena,Group Stage,17,9,12,37.86,178.3,0.86,41.33,0.77,No
Team Alpha,Flex,Neon City,Playoff,22,7,7,43.68,184.64,0.1,64.84,1.0,Yes
Team Alpha,Support,Dust Arena,Semi-Final,17,10,10,51.37,241.54,0.96,50.09,0.91,No
Phantom Squad,IGL,Neon City,Qualifier,22,5,11,37.67,210.66,0.17,55.13,0.98,No
Titan Esports,Entry Fragger,Neon City,Final,23,12,10,46.19,267.86,0.01,71.0,1.0,Yes
Team Nova,Support,Frozen Base,Playoff,11,5,13,52.32,221.17,0.06,39.56,0.92,No
Phantom Squad,Flex,Frozen Base,Playoff,19,15,9,33.52,176.67,0.13,59.46,1.0,No
Team Nova,Sniper,Skyline,Semi-Final,14,7,7,32.09,226.13,0.66,37.45,0.76,No
Team Alpha,Sniper,Desert Storm,Semi-Final,11,9,5,45.88,171.29,0.84,40.54,0.72,No
Team Alpha,Entry Fragger,Neon City,Qualifier,21,11,13,30.62,286.24,0.52,50.11,1.0,No
Titan Esports,Support,Frozen Base,Final,9,9,9,52.42,217.36,0.91,35.11,0.81,No
Team Alpha,Entry Fragger,Neon City,Semi-Final,18,6,15,54.08,222.55,0.67,47.34,0.84,No
CyberX,Flex,Neon City,Playoff,6,12,12,54.0,214.08,0.05,38.5,0.56,No
CyberX,IGL,Dust Arena,Playoff,9,11,6,61.9,232.54,0.16,52.35,0.96,No
Phantom Squad,Support,Skyline,Semi-Final,17,7,7,54.46,244.1,0.19,59.33,1.0,No
Titan Esports,Sniper,Neon City,Semi-Final,13,4,8,40.15,191.9,0.64,35.68,0.87,No
Phantom Squad,Support,Dust Arena,Qualifier,13,12,7,37.0,281.08,0.49,44.6,0.92,No
Phantom Squad,Flex,Frozen Base,Qualifier,21,14,10,42.7,187.72,0.26,64.75,1.0,Yes
Team Alpha,IGL,Frozen Base,Group Stage,24,12,19,44.83,226.95,0.85,54.91,1.0,No
Red Vortex,Flex,Skyline,Semi-Final,17,5,12,32.96,155.17,0.55,37.98,0.83,No
Team Alpha,Flex,Neon City,Playoff,17,11,9,55.34,215.33,0.7,56.67,1.0,No
Red Vortex,IGL,Desert Storm,Final,15,8,5,41.65,256.18,0.86,45.23,0.95,No
Red Vortex,IGL,Skyline,Final,15,8,15,36.45,206.86,0.76,33.62,0.84,No
CyberX,Sniper,Neon City,Playoff,12,6,7,39.98,243.06,0.79,35.09,0.82,No
CyberX,Sniper,Frozen Base,Playoff,16,13,14,44.76,226.74,0.59,47.48,1.0,No
Team Nova,Support,Skyline,Group Stage,26,13,13,51.85,219.59,0.09,77.02,1.0,Yes
Red Vortex,Entry Fragger,Frozen Base,Group Stage,12,12,10,45.9,250.9,0.91,39.85,0.89,No
Red Vortex,Flex,Neon City,Qualifier,23,13,9,41.19,199.29,0.27,67.89,1.0,Yes
Phantom Squad,Sniper,Skyline,Qualifier,16,6,12,40.99,212.67,0.01,46.4,1.0,No
Titan Esports,Support,Dust Arena,Group Stage,13,9,12,35.13,191.29,0.48,35.77,0.88,No
Team Nova,IGL,Desert Storm,Group Stage,13,7,10,44.32,278.25,0.35,41.66,0.91,No
Phantom Squad,Sniper,Skyline,Playoff,8,5,11,55.95,219.97,0.71,30.88,0.89,No
Titan Esports,IGL,Dust Arena,Final,11,6,16,49.88,269.22,0.5,31.94,0.85,No
Titan Esports,Entry Fragger,Frozen Base,Final,14,7,10,50.16,170.38,0.69,43.18,0.93,No
Team Alpha,Support,Desert Storm,Final,17,4,6,54.9,259.37,0.86,50.85,0.99,No
Team Nova,IGL,Skyline,Qualifier,9,5,7,36.25,206.11,0.2,32.12,0.94,No
Phantom Squad,Sniper,Dust Arena,Qualifier,7,9,9,50.47,224.04,0.35,35.73,0.75,No
Titan Esports,Flex,Dust Arena,Semi-Final,16,4,8,50.03,236.71,0.93,43.72,1.0,No
CyberX,Sniper,Frozen Base,Final,13,7,16,46.77,241.2,0.84,31.99,0.81,No
Phantom Squad,Support,Dust Arena,Final,6,4,9,52.42,145.57,0.64,26.81,0.65,No
Phantom Squad,Flex,Frozen Base,Final,23,9,6,32.25,235.7,0.66,58.52,1.0,No
Titan Esports,Entry Fragger,Skyline,Group Stage,10,6,10,46.94,153.11,0.36,35.87,0.93,No
Red Vortex,Entry Fragger,Desert Storm,Playoff,15,5,8,34.42,264.96,0.63,37.91,0.97,No
Team Alpha,Sniper,Desert Storm,Qualifier,12,10,15,32.86,202.15,0.27,32.73,0.86,No
Team Alpha,Support,Neon City,Final,24,6,6,39.81,214.75,0.79,60.01,1.0,Yes
Titan Esports,Entry Fragger,Dust Arena,Semi-Final,12,7,15,47.13,229.18,0.19,37.66,1.0,No
Team Nova,Sniper,Desert Storm,Qualifier,17,9,8,44.31,203.34,0.76,49.55,1.0,No
CyberX,Sniper,Neon City,Final,17,8,18,44.18,220.35,0.49,41.19,0.79,No
Red Vortex,IGL,Desert Storm,Qualifier,11,7,12,62.63,238.96,0.99,38.41,1.0,No
Phantom Squad,Sniper,Neon City,Semi-Final,14,5,6,48.73,242.84,0.77,43.66,1.0,No
Red Vortex,Support,Desert Storm,Playoff,6,9,12,34.68,239.89,0.87,17.64,0.77,No
Phantom Squad,Entry Fragger,Desert Storm,Final,10,12,13,52.0,200.15,0.38,41.2,0.8,No
Red Vortex,Support,Dust Arena,Group Stage,27,9,10,41.12,212.45,0.86,64.96,1.0,Yes
Team Alpha,Sniper,Skyline,Final,15,12,5,46.55,255.9,0.84,51.88,0.98,No
Titan Esports,IGL,Frozen Base,Playoff,13,7,13,54.72,192.26,0.71,40.26,1.0,No
Titan Esports,Entry Fragger,Desert Storm,Group Stage,16,9,9,46.52,208.54,0.61,49.16,1.0,No
Red Vortex,Support,Neon City,Playoff,13,9,11,26.61,225.09,0.53,32.0,0.65,No
Team Nova,Flex,Dust Arena,Semi-Final,21,7,9,40.23,233.9,0.09,59.21,1.0,No
Titan Esports,Entry Fragger,Dust Arena,Playoff,13,8,7,50.96,216.39,0.52,47.28,0.91,No
Titan Esports,Sniper,Skyline,Final,14,5,7,38.54,254.59,0.72,38.07,0.81,No
CyberX,Entry Fragger,Neon City,Final,16,7,8,41.97,245.92,0.12,50.78,0.93,No
CyberX,Sniper,Dust Arena,Semi-Final,27,12,9,37.53,173.11,0.0,75.77,1.0,Yes
Team Nova,Support,Dust Arena,Playoff,15,7,9,52.11,246.28,0.61,47.95,1.0,No
CyberX,Flex,Desert Storm,Group Stage,16,7,11,43.36,233.49,0.42,45.48,0.83,No
Red Vortex,Sniper,Dust Arena,Semi-Final,20,7,12,38.33,210.25,0.15,52.66,0.97,No
Red Vortex,IGL,Frozen Base,Group Stage,21,10,8,36.89,217.54,0.75,54.95,1.0,No
Red Vortex,Flex,Frozen Base,Semi-Final,15,8,8,52.49,252.85,0.2,54.25,1.0,No
Team Alpha,IGL,Desert Storm,Qualifier,13,5,9,39.51,231.3,0.29,38.85,0.77,No
Phantom Squad,Entry Fragger,Frozen Base,Qualifier,18,8,10,34.72,231.14,0.13,50.06,0.86,No
Red Vortex,Entry Fragger,Skyline,Playoff,12,9,12,41.12,278.32,0.45,37.06,0.91,No
Team Nova,Entry Fragger,Dust Arena,Playoff,8,10,7,47.87,276.51,0.02,42.73,1.0,No
Team Alpha,IGL,Neon City,Playoff,22,6,12,33.58,260.75,0.26,52.19,1.0,No
Red Vortex,Entry Fragger,Neon City,Semi-Final,16,8,8,43.93,219.73,0.4,49.97,1.0,No
Team Nova,Support,Neon City,Semi-Final,12,6,10,33.48,133.73,0.39,32.84,0.82,No
Team Alpha,IGL,Frozen Base,Playoff,15,14,7,34.24,252.49,0.71,47.02,0.87,No
CyberX,IGL,Skyline,Semi-Final,13,8,9,35.37,251.68,0.09,41.79,0.77,No
Red Vortex,IGL,Desert Storm,Playoff,16,4,5,39.26,219.87,0.61,44.53,1.0,No
Phantom Squad,Support,Skyline,Semi-Final,8,7,8,51.0,252.07,0.93,31.2,0.74,No
Titan Esports,IGL,Skyline,Playoff,13,12,6,36.23,209.17,0.89,41.21,0.91,No
Titan Esports,IGL,Dust Arena,Final,17,2,8,46.51,167.38,0.8,43.25,0.96,No
CyberX,Support,Frozen Base,Group Stage,24,12,9,43.11,213.56,0.37,68.86,1.0,Yes
Red Vortex,Entry Fragger,Neon City,Semi-Final,23,9,12,44.91,229.8,0.27,62.75,1.0,Yes
Team Nova,IGL,Neon City,Qualifier,16,4,5,54.39,189.46,0.87,49.5,1.0,No
Phantom Squad,Sniper,Desert Storm,Playoff,9,8,11,56.87,224.21,0.95,33.94,0.77,No
CyberX,IGL,Neon City,Final,24,9,13,30.84,228.82,0.16,57.82,0.79,No
Phantom Squad,Sniper,Neon City,Final,16,10,5,33.83,243.36,0.7,46.91,0.83,No
Team Alpha,Support,Dust Arena,Semi-Final,13,6,9,54.47,216.7,0.33,46.94,1.0,No
Team Nova,Flex,Desert Storm,Group Stage,14,8,8,42.61,236.25,0.18,47.51,0.9,No
Team Alpha,Sniper,Frozen Base,Group Stage,13,7,6,50.79,211.41,0.74,44.99,0.96,No
Team Alpha,Support,Skyline,Semi-Final,12,6,7,47.96,210.56,0.72,39.78,0.92,No
Team Nova,Entry Fragger,Skyline,Playoff,14,8,8,52.1,221.04,0.04,53.65,1.0,No
Titan Esports,IGL,Frozen Base,Group Stage,14,11,11,56.92,174.23,0.15,54.96,1.0,No
Red Vortex,IGL,Frozen Base,Playoff,15,10,10,45.04,197.23,0.5,47.52,1.0,No
Phantom Squad,IGL,Frozen Base,Final,18,8,8,51.89,234.32,0.46,57.34,1.0,No
Team Alpha,IGL,Neon City,Playoff,22,9,18,35.3,232.34,0.7,45.65,0.94,No
Phantom Squad,Entry Fragger,Frozen Base,Playoff,17,4,7,42.13,198.7,0.8,44.06,1.0,No
Team Alpha,IGL,Neon City,Group Stage,11,8,7,38.76,201.86,0.46,37.78,0.74,No
CyberX,Entry Fragger,Dust Arena,Group Stage,13,11,6,50.08,238.85,0.97,46.34,0.99,No
Titan Esports,Support,Frozen Base,Semi-Final,15,4,11,35.85,264.27,0.81,32.82,0.73,No
Team Alpha,Entry Fragger,Dust Arena,Qualifier,7,8,3,45.66,250.23,0.37,38.13,0.83,No
Team Nova,IGL,Desert Storm,Playoff,18,10,8,38.89,248.21,0.01,57.34,1.0,No
Red Vortex,Sniper,Desert Storm,Qualifier,12,12,11,51.67,223.01,0.51,45.73,1.0,No
Team Nova,Entry Fragger,Frozen Base,Semi-Final,15,5,9,39.45,246.38,0.26,43.12,1.0,No
Phantom Squad,Support,Desert Storm,Playoff,21,11,6,41.39,254.65,0.08,66.89,1.0,Yes
Team Alpha,Sniper,Skyline,Final,20,8,7,43.82,234.08,0.0,62.91,1.0,Yes
Phantom Squad,Flex,Dust Arena,Group Stage,16,8,11,52.96,254.58,0.35,51.98,0.97,No
CyberX,Support,Skyline,Group Stage,18,9,17,37.73,180.5,0.27,44.16,1.0,No
CyberX,Support,Skyline,Group Stage,20,11,9,46.3,260.94,0.44,60.75,1.0,Yes
CyberX,Flex,Neon City,Playoff,14,9,15,50.35,207.37,0.04,46.77,0.87,No
Team Alpha,IGL,Neon City,Final,14,13,10,43.67,238.49,0.95,43.34,0.87,No
CyberX,Support,Dust Arena,Final,21,8,9,47.74,252.48,0.61,58.77,1.0,No
Team Nova,Sniper,Neon City,Group Stage,11,6,6,40.87,222.28,0.68,35.64,0.88,No
Titan Esports,Entry Fragger,Neon City,Semi-Final,16,6,5,44.65,249.62,0.14,53.93,0.95,No
Titan Esports,Sniper,Neon City,Group Stage,11,9,14,42.83,256.25,0.78,30.61,0.73,No
Team Nova,Entry Fragger,Desert Storm,Qualifier,8,7,10,23.35,204.55,0.71,17.58,0.57,No
CyberX,Flex,Frozen Base,Qualifier,11,12,10,49.06,169.13,0.21,46.43,1.0,No
Team Alpha,IGL,Neon City,Playoff,14,3,11,56.21,233.68,0.79,40.21,0.91,No
Phantom Squad,IGL,Dust Arena,Final,15,7,13,51.48,273.69,0.34,46.34,1.0,No
Phantom Squad,IGL,Neon City,Group Stage,13,7,10,40.83,238.41,0.34,40.02,0.87,No
Titan Esports,Entry Fragger,Skyline,Group Stage,20,9,12,33.01,227.46,0.65,47.0,0.94,No
Phantom Squad,Entry Fragger,Dust Arena,Semi-Final,13,11,9,49.53,249.01,0.84,44.37,0.84,No
Team Nova,Support,Dust Arena,Playoff,13,4,7,47.23,215.02,0.01,46.51,0.93,No
Red Vortex,Sniper,Dust Arena,Qualifier,17,8,12,39.5,189.22,0.97,40.05,1.0,No
Titan Esports,Flex,Desert Storm,Playoff,13,7,9,39.29,167.98,0.52,38.44,0.92,No
Team Alpha,IGL,Desert Storm,Group Stage,15,16,9,45.95,247.5,0.26,57.38,1.0,No
Titan Esports,Entry Fragger,Skyline,Playoff,9,8,10,22.96,160.89,0.53,22.18,0.66,No
Team Nova,Flex,Desert Storm,Final,14,10,10,30.93,235.22,0.74,36.07,0.74,No
Red Vortex,Entry Fragger,Skyline,Playoff,20,9,6,45.17,193.12,0.84,57.19,1.0,No
Titan Esports,Entry Fragger,Frozen Base,Semi-Final,14,7,13,49.27,259.02,0.32,43.44,1.0,No
CyberX,IGL,Skyline,Playoff,22,5,10,50.69,227.7,0.48,59.55,1.0,No
Team Nova,Support,Skyline,Final,19,3,12,42.55,163.44,0.21,48.17,0.99,No
Titan Esports,Sniper,Dust Arena,Qualifier,16,13,13,53.95,174.3,0.26,56.38,1.0,No
Red Vortex,IGL,Desert Storm,Qualifier,16,12,14,51.1,277.64,0.07,54.85,1.0,No
Titan Esports,IGL,Dust Arena,Final,13,8,15,45.29,212.79,0.83,33.34,0.93,No
Team Alpha,Flex,Frozen Base,Semi-Final,17,8,10,50.0,254.93,0.43,52.7,1.0,No
Titan Esports,IGL,Desert Storm,Playoff,16,10,3,40.01,255.55,0.63,52.7,1.0,No
Red Vortex,IGL,Dust Arena,Group Stage,18,4,13,37.76,247.98,0.99,35.98,0.81,No
Team Nova,Support,Frozen Base,Final,16,13,12,40.26,212.07,0.37,49.43,1.0,No
Team Nova,Sniper,Frozen Base,Semi-Final,12,11,13,35.59,215.48,0.82,31.6,0.77,No
Team Alpha,Sniper,Frozen Base,Semi-Final,14,6,2,29.8,184.09,0.83,38.6,1.0,No
Phantom Squad,Support,Frozen Base,Semi-Final,8,10,9,51.88,187.1,0.31,39.84,0.86,No
Phantom Squad,Sniper,Frozen Base,Semi-Final,11,12,10,49.21,177.32,0.58,42.81,1.0,No
Phantom Squad,Support,Neon City,Final,16,9,11,44.55,217.19,0.02,52.07,1.0,No
Red Vortex,Entry Fragger,Skyline,Playoff,7,11,7,35.17,286.94,0.69,28.69,0.75,No
CyberX,Support,Dust Arena,Qualifier,7,5,4,43.01,186.1,0.8,28.5,0.87,No
Team Alpha,Support,Skyline,Qualifier,14,9,9,33.52,193.53,0.97,35.06,0.91,No
Team Alpha,Sniper,Frozen Base,Final,16,3,11,37.73,267.88,0.77,35.16,0.89,No
Team Nova,Entry Fragger,Dust Arena,Semi-Final,17,6,6,46.58,205.67,0.22,55.09,0.85,No
Titan Esports,Entry Fragger,Neon City,Qualifier,20,7,9,46.96,212.53,0.06,60.88,1.0,Yes
CyberX,Support,Desert Storm,Qualifier,10,5,11,36.2,228.36,0.76,24.5,0.72,No
Titan Esports,Flex,Desert Storm,Semi-Final,18,5,12,57.67,167.31,0.71,50.73,1.0,No
CyberX,IGL,Dust Arena,Group Stage,9,11,11,54.75,227.42,0.8,37.38,0.83,No
Phantom Squad,IGL,Desert Storm,Group Stage,18,5,16,41.67,208.31,0.79,37.94,0.72,No
Red Vortex,Flex,Neon City,Group Stage,9,9,10,46.95,234.65,0.59,34.58,0.73,No
Team Nova,Entry Fragger,Frozen Base,Semi-Final,17,10,9,36.23,183.32,0.19,51.21,0.95,No
CyberX,Support,Skyline,Group Stage,13,9,10,51.76,261.97,0.23,48.58,1.0,No
Red Vortex,Support,Desert Storm,Playoff,11,11,7,45.11,283.64,0.66,41.95,0.92,No
Team Alpha,Flex,Desert Storm,Final,11,12,6,39.67,200.39,0.87,39.14,0.88,No
CyberX,IGL,Neon City,Qualifier,16,10,11,51.13,258.57,0.92,47.36,1.0,No
Red Vortex,Flex,Neon City,Group Stage,8,5,12,39.52,229.99,0.83,20.46,0.74,No
Titan Esports,Support,Dust Arena,Qualifier,10,5,10,46.73,223.49,0.35,34.86,0.82,No
Titan Esports,Sniper,Skyline,Group Stage,18,2,10,50.37,217.85,0.61,47.09,0.83,No
Titan Esports,Sniper,Skyline,Group Stage,12,11,10,46.38,276.87,0.5,43.19,0.99,No
Red Vortex,Support,Neon City,Group Stage,9,7,11,42.73,245.7,0.66,28.76,0.88,No
Red Vortex,Support,Desert Storm,Group Stage,18,6,4,45.46,235.4,0.51,55.63,0.94,No
Team Nova,Sniper,Neon City,Qualifier,14,7,12,38.24,228.48,0.18,40.32,0.89,No
CyberX,Flex,Frozen Base,Final,21,2,14,47.77,240.9,0.67,47.19,0.92,No
CyberX,Sniper,Frozen Base,Final,19,6,7,43.66,196.56,0.6,52.83,1.0,No
Titan Esports,IGL,Skyline,Final,20,8,10,44.29,273.33,0.86,51.54,1.0,No
Team Alpha,Sniper,Desert Storm,Semi-Final,19,7,8,51.32,261.83,0.18,60.86,1.0,Yes
Titan Esports,Support,Desert Storm,Qualifier,14,7,11,45.44,227.29,0.47,42.02,1.0,No
Phantom Squad,Sniper,Dust Arena,Qualifier,16,5,7,31.01,224.32,0.55,40.01,0.84,No
Phantom Squad,Support,Desert Storm,Playoff,18,8,8,37.67,218.44,0.19,52.94,1.0,No
CyberX,Support,Skyline,Playoff,17,9,14,54.21,222.45,0.24,53.71,1.0,No
Team Alpha,Support,Desert Storm,Semi-Final,15,8,13,42.75,219.82,0.97,36.67,0.8,No
Phantom Squad,Entry Fragger,Frozen Base,Group Stage,13,10,5,48.86,246.45,0.66,48.83,1.0,No
CyberX,Support,Skyline,Group Stage,13,13,9,48.13,227.39,0.31,50.96,1.0,No
Red Vortex,IGL,Desert Storm,Group Stage,18,7,10,44.16,235.81,0.4,51.08,0.95,No
Titan Esports,Support,Desert Storm,Qualifier,15,11,5,38.72,173.05,0.55,49.86,0.95,No
Titan Esports,Sniper,Dust Arena,Group Stage,9,5,4,30.91,216.43,0.53,29.15,0.84,No
CyberX,Support,Neon City,Playoff,13,9,10,44.85,218.19,0.92,38.22,0.92,No
Phantom Squad,Entry Fragger,Desert Storm,Semi-Final,16,8,9,58.41,183.84,0.89,51.3,0.77,No
Titan Esports,Entry Fragger,Skyline,Group Stage,10,2,7,39.41,185.83,0.03,34.41,0.97,No
Team Nova,IGL,Dust Arena,Playoff,9,5,8,60.75,282.91,0.75,37.88,0.91,No
Team Nova,Support,Neon City,Group Stage,12,12,9,45.37,199.01,0.04,49.29,1.0,No
Phantom Squad,IGL,Desert Storm,Playoff,13,11,5,42.21,231.22,0.69,46.21,0.84,No
Titan Esports,Support,Neon City,Playoff,15,10,9,51.06,232.54,0.18,54.73,1.0,No
CyberX,Entry Fragger,Neon City,Group Stage,8,6,11,51.77,197.67,0.8,28.89,0.67,No
Team Alpha,Sniper,Desert Storm,Group Stage,16,10,8,44.69,247.82,0.28,53.55,1.0,No
Red Vortex,Flex,Desert Storm,Final,18,9,16,47.74,265.87,0.56,47.27,1.0,No
Team Nova,Entry Fragger,Frozen Base,Semi-Final,20,9,11,44.6,235.23,0.79,52.4,1.0,No
Titan Esports,Sniper,Skyline,Semi-Final,12,9,11,49.47,233.55,0.92,37.53,0.85,No
Team Nova,Flex,Desert Storm,Semi-Final,14,11,13,62.43,208.28,0.91,48.12,1.0,No
Red Vortex,Flex,Frozen Base,Group Stage,16,11,10,47.42,223.76,0.68,49.91,0.94,No
Red Vortex,Support,Frozen Base,Semi-Final,18,9,7,46.31,243.73,0.21,59.05,1.0,No
Red Vortex,Flex,Frozen Base,Final,14,10,14,43.27,194.16,0.45,41.14,0.74,No
Team Nova,IGL,Frozen Base,Qualifier,20,12,8,57.64,270.15,0.61,66.72,1.0,Yes
CyberX,Entry Fragger,Skyline,Final,10,5,9,54.04,261.03,0.93,33.72,0.81,No
Red Vortex,Flex,Dust Arena,Playoff,18,6,9,34.32,188.72,0.21,48.06,1.0,No
Phantom Squad,IGL,Frozen Base,Playoff,22,12,12,36.43,277.54,0.4,58.22,1.0,No
Red Vortex,Flex,Neon City,Semi-Final,10,7,10,33.93,256.78,0.05,33.47,0.82,No
Titan Esports,IGL,Frozen Base,Semi-Final,22,10,8,46.45,196.14,0.39,65.32,1.0,Yes
Team Alpha,Sniper,Desert Storm,Semi-Final,16,5,9,51.05,297.62,0.48,48.73,0.91,No
Team Nova,Flex,Neon City,Group Stage,23,10,10,41.69,165.32,0.18,65.05,1.0,Yes
Team Nova,IGL,Desert Storm,Playoff,21,13,12,38.14,212.45,0.76,54.47,1.0,No
Team Nova,Flex,Frozen Base,Group Stage,10,15,11,53.9,218.64,0.82,42.75,1.0,No
Red Vortex,IGL,Skyline,Group Stage,14,7,14,44.55,263.8,0.73,35.98,0.71,No
CyberX,Sniper,Skyline,Group Stage,19,11,7,35.44,269.69,0.62,53.52,1.0,No
Titan Esports,Support,Dust Arena,Qualifier,15,13,11,31.25,205.84,0.76,40.02,0.85,No
Red Vortex,IGL,Desert Storm,Semi-Final,14,12,15,47.4,235.67,0.9,39.7,0.86,No
Titan Esports,Sniper,Neon City,Playoff,14,7,10,23.99,215.11,0.89,28.09,0.68,No
Red Vortex,IGL,Frozen Base,Playoff,12,6,15,47.96,238.63,0.02,38.78,1.0,No
Phantom Squad,Support,Skyline,Semi-Final,23,2,11,29.4,219.9,0.53,46.4,0.92,No
Red Vortex,Sniper,Skyline,Semi-Final,12,11,12,45.11,164.44,0.85,37.05,0.74,No
Titan Esports,Flex,Skyline,Semi-Final,18,11,8,57.26,230.94,0.87,58.93,1.0,No
Phantom Squad,Entry Fragger,Dust Arena,Playoff,13,7,15,48.17,241.01,0.75,34.59,0.81,No
Team Nova,IGL,Neon City,Qualifier,14,11,7,28.36,196.14,0.98,36.38,0.86,No
Phantom Squad,Entry Fragger,Frozen Base,Group Stage,20,8,12,55.09,256.6,0.18,61.75,1.0,Yes
Titan Esports,Support,Neon City,Semi-Final,16,6,10,44.34,240.61,0.66,43.57,0.77,No
Red Vortex,IGL,Skyline,Final,14,9,12,35.57,174.41,0.98,32.98,0.79,No
Phantom Squad,Flex,Skyline,Qualifier,15,8,13,35.25,255.83,0.41,38.52,0.9,No
Red Vortex,IGL,Frozen Base,Playoff,15,14,7,44.99,248.83,0.0,59.5,1.0,No
Titan Esports,Sniper,Dust Arena,Group Stage,15,7,4,33.9,254.16,0.69,43.05,0.91,No
Titan Esports,Flex,Desert Storm,Playoff,14,5,7,49.41,199.77,0.47,46.0,0.95,No
Phantom Squad,Sniper,Dust Arena,Semi-Final,15,5,12,41.75,234.98,0.75,36.38,0.88,No
CyberX,Sniper,Desert Storm,Semi-Final,18,10,9,44.48,178.47,0.16,57.64,1.0,No
Titan Esports,Entry Fragger,Skyline,Semi-Final,15,14,10,40.04,197.5,0.22,51.82,1.0,No
Phantom Squad,IGL,Skyline,Playoff,21,4,11,45.86,159.34,0.71,50.83,1.0,No
Team Nova,Flex,Neon City,Qualifier,19,4,10,35.01,226.2,0.0,49.5,1.0,No
CyberX,Support,Skyline,Qualifier,9,15,11,51.58,213.7,0.01,47.69,0.98,No
Red Vortex,Entry Fragger,Skyline,Semi-Final,15,11,8,36.75,193.32,0.64,44.98,0.96,No
Titan Esports,IGL,Desert Storm,Playoff,22,6,13,47.0,279.4,0.91,51.4,1.0,No
CyberX,IGL,Dust Arena,Semi-Final,15,6,10,35.77,217.19,0.51,38.79,0.97,No
CyberX,IGL,Dust Arena,Group Stage,18,11,7,58.3,229.73,0.82,60.95,1.0,Yes
CyberX,IGL,Neon City,Group Stage,21,6,11,50.27,255.83,0.23,59.84,1.0,No
Team Alpha,Flex,Dust Arena,Qualifier,14,7,9,37.01,255.74,0.73,37.2,0.98,No
CyberX,IGL,Neon City,Qualifier,17,14,11,38.73,243.56,0.68,49.56,0.91,No
Team Nova,IGL,Skyline,Final,26,10,9,47.34,214.35,0.32,73.47,1.0,Yes
Phantom Squad,Entry Fragger,Desert Storm,Playoff,14,11,9,31.55,241.76,0.64,39.38,0.99,No
Phantom Squad,Support,Neon City,Group Stage,17,9,4,42.17,225.37,0.59,54.19,1.0,No
Phantom Squad,Entry Fragger,Desert Storm,Final,19,7,11,52.65,189.37,0.76,52.73,1.0,No
Team Nova,Sniper,Neon City,Group Stage,21,6,12,49.55,210.92,0.08,59.98,1.0,No
Phantom Squad,IGL,Skyline,Group Stage,18,6,16,30.36,226.9,0.79,33.28,0.78,No
Team Nova,Entry Fragger,Skyline,Qualifier,19,6,12,39.65,208.39,0.27,49.12,0.94,No
Team Nova,Support,Frozen Base,Playoff,10,8,14,43.04,159.46,0.51,30.42,0.87,No
Team Alpha,Flex,Frozen Base,Final,18,7,10,43.73,254.5,0.07,54.16,0.9,No
Red Vortex,IGL,Neon City,Semi-Final,10,7,12,56.59,235.49,0.61,37.2,1.0,No
CyberX,IGL,Dust Arena,Qualifier,23,7,10,49.09,272.41,0.45,63.05,1.0,Yes
Titan Esports,Entry Fragger,Frozen Base,Qualifier,14,9,11,54.9,239.77,0.36,49.85,0.95,No
CyberX,Flex,Dust Arena,Playoff,9,8,14,40.64,211.75,0.39,28.42,0.83,No
Team Nova,Entry Fragger,Neon City,Qualifier,15,13,8,43.64,232.22,0.8,48.82,1.0,No
CyberX,Entry Fragger,Dust Arena,Playoff,22,12,11,50.41,209.16,0.08,69.41,1.0,Yes
Red Vortex,Support,Desert Storm,Final,16,4,8,34.02,204.88,0.35,41.51,0.99,No
Team Nova,IGL,Desert Storm,Semi-Final,8,10,11,56.84,149.56,0.64,37.02,0.87,No
Phantom Squad,Sniper,Dust Arena,Semi-Final,15,7,2,46.28,197.24,0.19,56.24,0.83,No
Team Nova,Sniper,Desert Storm,Semi-Final,19,13,19,44.79,216.32,0.07,53.69,1.0,No
Team Alpha,Entry Fragger,Neon City,Semi-Final,20,4,10,40.81,230.09,0.24,52.01,1.0,No
CyberX,Flex,Desert Storm,Semi-Final,20,4,7,34.03,250.79,0.25,51.52,1.0,No
Red Vortex,Sniper,Frozen Base,Qualifier,12,12,7,42.87,205.24,0.32,47.23,0.98,No
Titan Esports,Sniper,Neon City,Final,10,5,11,45.91,245.91,0.41,32.85,0.68,No
CyberX,Sniper,Desert Storm,Group Stage,10,12,13,39.55,220.54,0.57,33.08,0.85,No
Red Vortex,Entry Fragger,Neon City,Semi-Final,19,8,15,46.97,174.55,0.01,54.38,1.0,No
CyberX,Sniper,Dust Arena,Qualifier,11,5,14,32.15,217.72,0.77,21.38,0.8,No
CyberX,Flex,Desert Storm,Semi-Final,19,9,7,37.5,201.24,0.65,52.25,1.0,No
Team Nova,IGL,Dust Arena,Group Stage,10,14,10,45.3,219.16,0.5,41.65,1.0,No
Titan Esports,IGL,Skyline,Qualifier,10,12,17,38.28,256.47,0.82,25.94,0.65,No
CyberX,Entry Fragger,Desert Storm,Semi-Final,12,5,12,42.41,235.06,0.45,33.7,0.92,No
CyberX,Support,Desert Storm,Group Stage,15,5,11,47.58,214.43,0.28,44.99,0.99,No
Phantom Squad,Entry Fragger,Skyline,Semi-Final,14,16,12,41.5,216.16,0.37,49.05,0.84,No
Phantom Squad,Support,Dust Arena,Group Stage,11,8,10,44.96,165.53,0.64,36.08,0.78,No
Red Vortex,Support,Neon City,Group Stage,12,4,11,35.97,262.49,0.96,25.38,0.74,No
CyberX,Entry Fragger,Skyline,Semi-Final,20,7,9,52.49,258.56,0.97,54.55,0.93,No
Team Alpha,Flex,Skyline,Group Stage,14,11,9,44.92,193.68,0.93,43.16,0.9,No
Team Nova,Flex,Skyline,Qualifier,15,4,5,50.81,236.82,0.29,51.51,0.81,No
Team Nova,Support,Skyline,Group Stage,12,6,11,44.23,190.45,0.92,31.91,0.8,No
CyberX,Support,Desert Storm,Semi-Final,14,11,10,33.57,215.77,0.98,35.98,0.91,No
Red Vortex,Entry Fragger,Neon City,Final,15,3,5,49.64,210.55,0.18,51.02,1.0,No
Red Vortex,Flex,Frozen Base,Group Stage,15,6,14,36.31,217.07,0.78,32.36,1.0,No
Team Alpha,Support,Dust Arena,Final,15,8,8,39.46,218.83,0.72,42.53,0.81,No
Team Nova,Sniper,Frozen Base,Final,17,12,7,40.91,219.84,0.55,53.95,1.0,No
Phantom Squad,Support,Dust Arena,Final,19,6,11,43.37,200.98,0.41,50.59,0.98,No
Team Alpha,Entry Fragger,Frozen Base,Group Stage,14,10,7,50.55,254.53,0.18,54.48,1.0,No
CyberX,Flex,Frozen Base,Final,21,3,8,38.73,193.52,0.99,46.46,0.89,No
Phantom Squad,IGL,Desert Storm,Semi-Final,14,8,10,38.79,187.46,0.84,36.99,0.95,No
Red Vortex,Flex,Dust Arena,Group Stage,18,9,13,57.01,210.74,0.63,54.2,0.95,No
Team Alpha,IGL,Desert Storm,Semi-Final,13,7,10,32.64,181.21,0.69,32.42,0.72,No
Team Alpha,Entry Fragger,Frozen Base,Playoff,19,10,10,50.59,170.38,0.31,60.2,1.0,Yes
Team Nova,Entry Fragger,Frozen Base,Semi-Final,14,9,6,49.35,245.66,0.18,53.88,1.0,No
CyberX,Sniper,Skyline,Qualifier,19,7,12,55.07,193.39,0.68,53.73,1.0,No
Red Vortex,Entry Fragger,Neon City,Group Stage,17,9,8,56.88,264.86,0.66,56.84,0.91,No
Titan Esports,IGL,Frozen Base,Qualifier,9,9,7,62.21,274.19,0.23,48.81,1.0,No
CyberX,IGL,Skyline,Playoff,21,5,8,52.32,240.22,0.41,61.06,0.93,Yes
Titan Esports,Entry Fragger,Desert Storm,Qualifier,12,5,10,49.53,228.24,0.89,34.87,0.84,No
Team Nova,Entry Fragger,Skyline,Playoff,13,8,14,56.79,187.68,0.99,38.49,0.95,No
Phantom Squad,Sniper,Desert Storm,Semi-Final,15,10,7,50.55,176.54,0.34,54.88,0.95,No
Phantom Squad,IGL,Frozen Base,Qualifier,14,9,9,39.77,162.36,0.08,47.09,0.92,No
Team Nova,IGL,Skyline,Final,14,5,7,33.79,172.29,0.87,34.19,0.71,No
Team Nova,Support,Frozen Base,Group Stage,9,6,4,58.7,237.76,0.43,45.05,0.95,No
Phantom Squad,Support,Skyline,Qualifier,15,6,10,39.24,222.12,0.69,38.72,0.89,No
Red Vortex,Support,Neon City,Final,18,8,10,44.4,199.68,0.18,54.4,1.0,No
Titan Esports,Support,Skyline,Group Stage,12,4,22,47.09,207.56,0.31,26.45,0.68,No
CyberX,Flex,Desert Storm,Qualifier,14,9,11,50.14,242.69,0.55,45.57,1.0,No
Team Alpha,Sniper,Neon City,Playoff,18,10,11,36.95,278.18,0.02,53.27,1.0,No
Red Vortex,Flex,Skyline,Playoff,9,9,6,45.18,175.42,0.17,41.89,0.97,No
Red Vortex,Sniper,Desert Storm,Group Stage,16,8,10,46.35,226.91,0.97,43.47,0.98,No
Team Nova,Flex,Skyline,Semi-Final,15,11,11,64.25,202.44,0.09,61.23,1.0,Yes
Phantom Squad,Entry Fragger,Skyline,Semi-Final,25,10,11,62.13,274.69,0.87,71.36,1.0,Yes
Phantom Squad,Sniper,Frozen Base,Playoff,21,12,9,51.72,206.81,0.96,61.26,0.99,Yes
CyberX,Flex,Dust Arena,Playoff,18,11,9,48.79,253.07,0.65,55.89,1.0,No
Titan Esports,Sniper,Frozen Base,Group Stage,13,8,10,37.46,267.06,0.46,38.13,0.84,No
Titan Esports,Flex,Neon City,Playoff,10,5,9,29.2,242.2,0.42,26.4,0.72,No
Titan Esports,Support,Dust Arena,Playoff,16,9,10,48.42,222.14,0.75,47.71,0.89,No
Titan Esports,IGL,Neon City,Group Stage,14,7,12,35.8,213.07,0.41,36.8,0.9,No
Team Nova,Flex,Skyline,Final,17,9,11,46.64,199.84,0.77,47.62,1.0,No
CyberX,Entry Fragger,Desert Storm,Qualifier,14,7,6,49.36,175.16,0.53,48.38,1.0,No
Phantom Squad,Sniper,Dust Arena,Playoff,19,4,11,50.79,205.75,0.71,49.29,0.98,No
Team Nova,Sniper,Frozen Base,Semi-Final,22,4,14,58.01,225.88,0.78,55.2,1.0,No
Team Nova,Support,Frozen Base,Final,19,3,6,46.41,241.52,0.8,50.2,0.95,No
Phantom Squad,IGL,Desert Storm,Semi-Final,12,14,7,37.93,240.82,0.62,43.77,0.82,No
Titan Esports,Entry Fragger,Frozen Base,Final,15,5,6,43.52,211.87,0.15,49.26,1.0,No
Titan Esports,IGL,Neon City,Qualifier,9,5,11,51.94,262.91,0.34,34.57,0.61,No
Team Alpha,Entry Fragger,Dust Arena,Qualifier,17,11,9,49.9,197.21,0.36,57.35,0.99,No
Team Nova,Flex,Frozen Base,Group Stage,16,4,12,47.5,241.91,0.86,39.15,0.92,No
Red Vortex,Entry Fragger,Desert Storm,Playoff,13,14,2,53.34,218.73,0.85,56.17,1.0,No
Titan Esports,Support,Desert Storm,Playoff,15,4,13,35.63,250.55,0.8,30.81,0.98,No
Team Alpha,IGL,Skyline,Final,22,5,7,37.03,217.69,0.59,54.62,1.0,No
Red Vortex,Flex,Frozen Base,Final,20,8,9,51.54,227.3,0.33,61.47,1.0,Yes
Team Alpha,Support,Frozen Base,Final,7,8,7,40.27,270.53,0.49,30.24,0.8,No
Team Nova,Flex,Desert Storm,Final,10,14,6,38.36,164.27,0.06,46.58,0.91,No
Red Vortex,Sniper,Desert Storm,Group Stage,21,4,9,53.51,196.4,0.3,60.75,1.0,Yes
Red Vortex,Entry Fragger,Neon City,Qualifier,15,7,5,42.47,204.98,0.18,51.44,1.0,No
Titan Esports,Entry Fragger,Dust Arena,Qualifier,16,9,10,35.89,248.51,0.03,48.65,0.95,No
Titan Esports,Sniper,Neon City,Semi-Final,14,11,8,48.3,235.6,0.85,46.65,1.0,No
Red Vortex,Sniper,Dust Arena,Final,12,14,13,32.55,224.77,0.27,38.57,0.78,No
CyberX,Sniper,Dust Arena,Semi-Final,14,5,10,51.84,233.42,0.96,39.32,0.91,No
Titan Esports,Flex,Frozen Base,Group Stage,10,7,11,34.51,240.46,0.96,23.65,0.86,No
Red Vortex,IGL,Desert Storm,Group Stage,16,6,15,34.73,192.67,0.41,36.26,0.93,No
Red Vortex,Entry Fragger,Skyline,Final,11,5,12,48.16,232.78,0.63,32.78,1.0,No
Phantom Squad,Sniper,Neon City,Playoff,16,7,7,59.72,212.15,0.42,57.66,1.0,No
Phantom Squad,IGL,Frozen Base,Playoff,16,7,11,48.17,145.29,0.35,48.59,0.92,No
Red Vortex,Flex,Neon City,Playoff,9,7,10,50.93,250.15,0.14,39.07,1.0,No
Team Alpha,Entry Fragger,Frozen Base,Playoff,12,7,8,42.47,215.72,0.37,40.53,0.89,No
Team Nova,Entry Fragger,Skyline,Group Stage,18,5,12,45.13,228.56,0.13,50.27,0.9,No
Team Nova,IGL,Skyline,Playoff,14,5,6,44.33,169.58,0.24,46.77,0.88,No
Team Alpha,Entry Fragger,Skyline,Playoff,16,7,5,48.83,221.01,0.36,54.81,1.0,No
CyberX,Flex,Desert Storm,Group Stage,14,10,9,29.6,223.1,0.5,38.8,0.82,No
Red Vortex,Sniper,Neon City,Playoff,15,12,3,47.83,225.69,0.64,56.52,1.0,No
Red Vortex,IGL,Skyline,Qualifier,7,6,15,40.02,225.6,0.08,24.21,0.76,No
Phantom Squad,IGL,Frozen Base,Semi-Final,11,8,13,42.99,176.29,0.69,31.6,0.88,No
Phantom Squad,Sniper,Desert Storm,Playoff,10,8,16,64.14,190.32,0.07,43.37,0.94,No
CyberX,IGL,Skyline,Qualifier,14,8,17,41.04,254.96,0.99,29.62,0.65,No
CyberX,IGL,Desert Storm,Group Stage,18,11,15,34.79,213.49,0.9,40.39,0.93,No
Red Vortex,Flex,Frozen Base,Final,16,5,11,54.83,175.78,0.05,52.91,1.0,No
Phantom Squad,Sniper,Neon City,Group Stage,13,13,6,29.4,215.77,0.88,38.9,0.93,No
CyberX,IGL,Neon City,Playoff,10,3,6,60.86,291.77,0.84,39.03,0.9,No
Titan Esports,Sniper,Neon City,Group Stage,22,10,17,50.15,183.96,0.05,61.58,1.0,Yes
Team Nova,IGL,Neon City,Semi-Final,14,17,7,42.1,218.05,0.35,55.55,1.0,No
Team Alpha,Sniper,Dust Arena,Qualifier,15,5,12,49.55,241.57,0.07,47.07,0.84,No
Phantom Squad,IGL,Desert Storm,Final,9,15,10,37.36,229.68,0.39,37.78,0.85,No
Red Vortex,Entry Fragger,Skyline,Playoff,9,10,13,35.55,240.4,0.29,29.88,1.0,No
Titan Esports,Flex,Frozen Base,Group Stage,12,4,11,28.91,194.53,0.65,24.95,0.8,No
Titan Esports,Entry Fragger,Dust Arena,Qualifier,13,6,7,44.72,197.33,0.41,43.26,1.0,No
Team Nova,Flex,Frozen Base,Playoff,5,9,15,39.46,234.7,0.62,17.53,0.66,No
Titan Esports,Support,Skyline,Playoff,10,6,4,53.61,185.94,0.57,43.11,0.67,No
CyberX,Entry Fragger,Neon City,Group Stage,17,3,12,44.82,241.55,0.45,42.91,1.0,No
Phantom Squad,Flex,Frozen Base,Semi-Final,14,7,10,52.54,223.75,0.33,47.97,0.89,No
CyberX,Flex,Skyline,Semi-Final,11,13,14,42.7,250.36,0.26,39.75,0.7,No
Red Vortex,IGL,Desert Storm,Group Stage,17,12,11,57.47,252.7,0.36,60.13,1.0,Yes
Team Alpha,Entry Fragger,Desert Storm,Group Stage,14,6,16,43.71,205.77,0.62,33.66,0.8,No
Red Vortex,Entry Fragger,Frozen Base,Qualifier,15,8,12,44.43,193.94,0.56,42.62,1.0,No
Red Vortex,Sniper,Frozen Base,Playoff,12,10,11,41.13,231.8,0.53,38.27,0.84,No
Red Vortex,Flex,Skyline,Semi-Final,14,3,7,51.7,228.25,0.21,47.75,0.92,No
Team Alpha,Sniper,Skyline,Group Stage,22,7,10,51.88,200.73,0.67,60.24,1.0,Yes
CyberX,IGL,Neon City,Final,25,4,13,59.71,252.93,0.7,63.86,0.98,Yes
Titan Esports,Flex,Neon City,Group Stage,11,9,6,48.89,180.49,0.38,45.65,0.97,No
Team Alpha,Support,Skyline,Qualifier,17,9,15,37.88,171.64,0.11,45.84,0.99,No
CyberX,Entry Fragger,Neon City,Semi-Final,14,8,9,50.25,264.8,0.65,45.62,0.89,No
Team Alpha,IGL,Neon City,Group Stage,12,8,8,36.42,244.13,0.78,34.41,0.83,No
Phantom Squad,Flex,Dust Arena,Playoff,18,6,11,52.08,191.96,0.77,49.34,1.0,No
Titan Esports,IGL,Dust Arena,Group Stage,18,4,10,51.14,216.86,0.73,48.27,0.88,No
CyberX,Flex,Frozen Base,Semi-Final,19,8,10,55.32,150.8,0.98,53.86,1.0,No
CyberX,Flex,Dust Arena,Group Stage,14,13,5,42.05,199.36,0.82,48.83,0.96,No
Red Vortex,Sniper,Dust Arena,Playoff,17,9,7,37.18,183.78,0.42,50.39,0.88,No
Team Nova,Entry Fragger,Skyline,Final,20,9,13,51.99,243.84,0.61,55.9,0.83,No
CyberX,Support,Skyline,Final,10,4,9,41.92,179.52,0.31,32.86,0.77,No
CyberX,Sniper,Skyline,Qualifier,10,7,8,40.14,230.52,0.85,30.57,0.7,No
Phantom Squad,Entry Fragger,Skyline,Group Stage,10,7,15,47.75,242.67,0.37,32.17,0.87,No
Team Alpha,Entry Fragger,Desert Storm,Group Stage,16,7,15,41.1,245.99,0.03,44.25,0.97,No
Team Nova,Flex,Desert Storm,Qualifier,19,6,13,54.42,208.19,0.21,56.11,1.0,No
CyberX,Sniper,Neon City,Semi-Final,13,10,6,53.95,230.26,0.88,48.17,1.0,No
Team Alpha,Support,Dust Arena,Qualifier,13,9,11,50.7,196.37,0.3,46.35,0.94,No
CyberX,Support,Neon City,Playoff,10,8,10,30.82,210.55,0.97,23.71,0.74,No
CyberX,Flex,Skyline,Final,12,10,15,40.05,206.35,0.18,37.23,0.91,No
Team Alpha,Entry Fragger,Frozen Base,Group Stage,24,12,10,55.59,188.82,0.12,76.59,1.0,Yes
Titan Esports,Support,Frozen Base,Final,12,5,6,52.64,207.27,0.01,49.22,0.9,No
Titan Esports,Flex,Dust Arena,Playoff,15,12,5,47.78,212.68,0.42,56.69,0.99,No
Team Alpha,Sniper,Neon City,Qualifier,11,8,15,58.09,211.27,0.58,38.25,0.83,No
Phantom Squad,Support,Neon City,Qualifier,13,10,12,36.83,216.79,0.82,34.22,0.9,No
Phantom Squad,Support,Skyline,Semi-Final,12,13,14,54.59,211.21,0.09,49.4,1.0,No
Red Vortex,IGL,Dust Arena,Final,17,7,12,43.89,215.85,0.84,42.55,0.86,No
Titan Esports,IGL,Skyline,Final,10,8,5,41.74,201.49,0.45,39.37,0.98,No
CyberX,Flex,Dust Arena,Semi-Final,16,5,8,42.79,196.84,0.25,47.89,0.94,No
CyberX,IGL,Dust Arena,Semi-Final,17,6,11,38.41,198.55,0.07,47.5,0.92,No
Red Vortex,Flex,Neon City,Playoff,17,14,9,28.11,203.39,0.05,52.55,1.0,No
CyberX,Sniper,Neon City,Qualifier,10,12,10,57.41,243.08,0.83,42.41,0.91,No
Titan Esports,Sniper,Skyline,Qualifier,18,4,11,50.82,157.24,0.17,52.71,1.0,No
Team Nova,IGL,Frozen Base,Group Stage,8,7,10,57.57,241.96,0.06,41.18,0.76,No
Red Vortex,Sniper,Neon City,Semi-Final,12,7,6,41.68,220.18,0.54,40.44,0.92,No
Team Alpha,Sniper,Neon City,Playoff,13,7,7,38.61,269.65,0.78,37.5,0.79,No
Team Alpha,Support,Dust Arena,Group Stage,16,9,11,49.88,228.95,0.15,53.44,1.0,No
Team Nova,Sniper,Skyline,Group Stage,20,11,9,35.84,178.56,0.34,56.52,1.0,No
Team Nova,Flex,Frozen Base,Qualifier,18,7,13,44.91,242.63,0.04,52.05,0.87,No
Team Alpha,Support,Neon City,Playoff,18,5,11,45.93,218.94,0.22,50.77,0.8,No
CyberX,Sniper,Neon City,Qualifier,13,6,5,55.14,218.03,0.4,50.57,0.9,No
CyberX,Flex,Skyline,Final,18,11,12,61.31,258.0,0.57,59.95,1.0,No
Red Vortex,IGL,Dust Arena,Semi-Final,15,4,8,40.27,227.51,0.98,36.34,0.77,No
Red Vortex,Sniper,Dust Arena,Final,12,10,8,39.45,198.4,0.52,40.52,0.74,No
Red Vortex,Sniper,Neon City,Final,7,10,16,39.2,261.34,0.39,23.7,0.94,No
Titan Esports,Flex,Dust Arena,Qualifier,11,6,8,41.53,237.02,0.31,37.66,0.82,No
Red Vortex,IGL,Skyline,Group Stage,11,9,8,29.56,212.16,0.74,30.38,0.92,No
Phantom Squad,Sniper,Dust Arena,Qualifier,17,13,11,38.05,213.08,0.1,54.02,1.0,No
Team Nova,Sniper,Neon City,Qualifier,19,8,9,55.99,228.14,0.82,56.8,1.0,No
Phantom Squad,Entry Fragger,Dust Arena,Group Stage,15,9,17,47.4,204.49,0.63,39.4,0.87,No
Red Vortex,IGL,Skyline,Group Stage,10,4,7,39.8,249.99,0.64,30.5,0.78,No
Team Alpha,IGL,Neon City,Group Stage,13,11,18,59.74,208.28,0.52,43.67,0.87,No
Team Alpha,Flex,Desert Storm,Final,16,10,10,43.46,256.84,0.03,53.43,0.9,No
Phantom Squad,Entry Fragger,Neon City,Playoff,16,7,11,51.52,225.03,0.91,44.66,0.91,No
Red Vortex,Flex,Dust Arena,Semi-Final,15,13,13,36.56,188.18,0.87,39.58,1.0,No
Team Alpha,Support,Frozen Base,Semi-Final,18,11,8,58.46,210.69,0.16,66.63,1.0,Yes
CyberX,Support,Dust Arena,Qualifier,20,8,7,42.75,243.56,0.36,58.77,1.0,No
Team Nova,Flex,Neon City,Semi-Final,22,9,10,45.01,195.15,0.71,58.4,1.0,No
CyberX,Entry Fragger,Dust Arena,Semi-Final,9,4,8,47.21,263.82,0.94,28.21,0.9,No
Team Alpha,Support,Desert Storm,Semi-Final,15,11,6,37.52,274.37,0.48,48.96,1.0,No
Team Nova,IGL,Desert Storm,Final,15,5,12,51.39,203.66,0.1,47.7,1.0,No
Team Nova,Support,Neon City,Qualifier,16,10,6,44.32,200.42,0.25,55.66,1.0,No
Team Alpha,Entry Fragger,Dust Arena,Final,11,10,6,38.27,274.79,0.92,35.94,0.77,No
Phantom Squad,IGL,Desert Storm,Qualifier,23,15,12,44.83,210.38,0.74,64.01,1.0,Yes
CyberX,Support,Neon City,Group Stage,12,11,8,44.96,207.12,0.56,43.88,0.83,No
Team Nova,IGL,Neon City,Semi-Final,17,12,11,53.88,181.91,0.16,60.34,1.0,Yes
Red Vortex,Sniper,Dust Arena,Final,17,6,6,36.62,224.8,0.58,46.51,0.91,No
Phantom Squad,Flex,Frozen Base,Group Stage,11,4,7,45.74,165.69,0.92,32.67,0.95,No
Team Alpha,Sniper,Frozen Base,Semi-Final,14,7,15,49.73,218.92,0.3,41.86,0.84,No
Titan Esports,Flex,Neon City,Group Stage,14,9,12,54.89,229.85,0.39,48.55,1.0,No
Phantom Squad,Flex,Neon City,Qualifier,19,8,11,34.54,236.15,0.53,46.97,0.83,No
Phantom Squad,IGL,Desert Storm,Final,12,5,13,50.96,195.4,0.17,39.78,0.86,No
CyberX,Sniper,Neon City,Final,13,15,8,32.62,186.53,0.39,45.41,0.96,No
Phantom Squad,IGL,Frozen Base,Final,11,4,5,51.29,237.71,0.47,41.94,0.9,No
Titan Esports,Flex,Skyline,Qualifier,12,5,5,46.64,236.99,0.21,45.22,1.0,No
Titan Esports,Entry Fragger,Neon City,Group Stage,12,9,7,39.14,239.78,0.59,39.67,1.0,No
Phantom Squad,Entry Fragger,Frozen Base,Final,17,5,11,55.48,232.53,0.03,55.44,1.0,No
Red Vortex,Entry Fragger,Dust Arena,Semi-Final,17,9,15,36.14,220.74,0.9,37.07,0.89,No
Team Nova,Entry Fragger,Dust Arena,Semi-Final,17,11,8,46.01,251.7,0.07,59.3,1.0,No
Red Vortex,IGL,Frozen Base,Group Stage,14,7,10,52.45,244.74,0.04,50.83,1.0,No
Red Vortex,Entry Fragger,Desert Storm,Final,21,4,7,40.78,149.47,0.46,54.79,0.95,No
CyberX,Entry Fragger,Dust Arena,Final,18,11,9,44.52,206.62,0.6,54.26,1.0,No
Red Vortex,Support,Neon City,Qualifier,7,10,8,30.49,198.84,0.27,28.54,0.78,No
Titan Esports,Flex,Dust Arena,Semi-Final,12,18,13,66.38,193.37,0.6,56.19,1.0,No
Team Nova,Entry Fragger,Dust Arena,Final,19,9,9,49.06,285.1,0.96,52.93,1.0,No
Team Nova,Entry Fragger,Skyline,Final,16,8,9,36.32,192.83,0.81,41.06,0.64,No
Phantom Squad,Sniper,Skyline,Semi-Final,15,11,13,53.8,167.38,0.92,45.7,0.99,No
Red Vortex,Flex,Neon City,Playoff,14,8,12,46.1,211.1,0.5,42.05,1.0,No
Titan Esports,Support,Dust Arena,Semi-Final,8,11,2,49.97,204.13,0.8,41.98,0.9,No
Team Alpha,IGL,Dust Arena,Group Stage,14,7,15,43.19,187.7,0.78,33.8,0.83,No
Team Alpha,Entry Fragger,Skyline,Semi-Final,11,7,11,43.71,240.14,0.99,29.96,0.69,No
Phantom Squad,Entry Fragger,Dust Arena,Final,7,7,17,52.72,227.49,0.08,29.56,0.92,No
Red Vortex,Support,Neon City,Final,12,15,6,46.7,227.04,0.31,53.25,1.0,No
Team Alpha,Flex,Skyline,Semi-Final,19,9,17,48.54,198.93,0.04,53.87,1.0,No
Red Vortex,Entry Fragger,Neon City,Qualifier,16,9,12,44.43,235.14,0.67,44.52,0.88,No
Team Alpha,Sniper,Dust Arena,Group Stage,17,7,12,36.38,228.06,0.4,43.19,0.91,No
Red Vortex,IGL,Skyline,Final,20,9,9,39.45,192.69,0.02,59.52,0.94,No
Team Alpha,Flex,Skyline,Final,23,9,8,45.92,205.58,0.52,64.76,1.0,Yes
CyberX,Entry Fragger,Skyline,Playoff,10,7,8,57.09,232.14,0.06,46.95,0.89,No
Titan Esports,Support,Dust Arena,Final,13,11,7,52.58,204.21,0.65,49.79,1.0,No
Team Alpha,Sniper,Frozen Base,Qualifier,15,7,12,40.66,230.71,0.01,45.23,0.82,No
Phantom Squad,Sniper,Desert Storm,Final,18,5,11,63.03,258.56,0.8,53.52,1.0,No
Red Vortex,Flex,Neon City,Group Stage,15,9,15,49.87,219.52,0.51,43.84,0.93,No
Team Alpha,Entry Fragger,Frozen Base,Final,9,7,15,31.48,171.83,0.89,16.84,0.73,No
Team Alpha,Entry Fragger,Dust Arena,Final,16,9,9,35.45,249.46,0.48,44.93,1.0,No
Team Alpha,Entry Fragger,Frozen Base,Group Stage,15,8,12,46.65,272.33,0.44,44.93,1.0,No
Titan Esports,Support,Desert Storm,Playoff,20,7,9,34.46,230.56,0.02,55.03,0.85,No
Phantom Squad,Entry Fragger,Dust Arena,Qualifier,20,13,18,51.24,189.24,0.91,51.52,1.0,No
Team Nova,Entry Fragger,Neon City,Final,17,9,8,37.93,201.87,0.29,51.07,1.0,No
Team Nova,Entry Fragger,Frozen Base,Playoff,16,4,9,50.23,204.72,0.86,43.51,0.79,No
Titan Esports,Flex,Skyline,Semi-Final,18,4,12,33.43,216.83,0.71,37.62,0.8,No
Team Alpha,IGL,Neon City,Qualifier,7,8,11,38.07,199.74,0.2,28.04,0.87,No
CyberX,Flex,Skyline,Group Stage,18,6,6,49.23,214.82,0.04,60.21,1.0,Yes
Team Nova,Support,Skyline,Semi-Final,17,8,11,39.87,279.14,0.97,41.23,0.87,No
Titan Esports,Flex,Desert Storm,Playoff,18,6,8,48.3,222.24,0.62,51.95,0.92,No
Team Nova,Flex,Desert Storm,Qualifier,14,4,8,51.27,203.03,0.16,48.04,1.0,No
Titan Esports,Entry Fragger,Skyline,Qualifier,13,8,10,53.73,227.76,0.93,41.56,0.89,No
Team Alpha,IGL,Dust Arena,Group Stage,11,7,9,47.22,290.33,0.43,39.31,0.89,No
Red Vortex,Entry Fragger,Dust Arena,Semi-Final,14,9,11,55.41,297.62,0.9,44.7,0.94,No
Titan Esports,Sniper,Neon City,Group Stage,11,10,8,40.78,194.58,0.02,44.19,1.0,No
Team Alpha,Support,Neon City,Qualifier,14,8,8,43.74,212.44,0.91,40.77,0.75,No
Team Nova,Entry Fragger,Desert Storm,Playoff,20,6,12,48.73,196.73,0.71,51.26,0.98,No
Team Nova,Support,Dust Arena,Playoff,17,11,8,62.68,243.37,0.11,67.24,1.0,Yes
Titan Esports,Flex,Frozen Base,Playoff,15,12,4,44.99,192.84,0.71,53.4,0.91,No
Red Vortex,Flex,Dust Arena,Qualifier,9,8,5,37.33,228.13,0.79,31.77,0.82,No
Phantom Squad,Sniper,Neon City,Final,14,12,9,43.59,230.61,0.47,48.09,0.99,No
Titan Esports,Entry Fragger,Neon City,Playoff,20,8,12,34.09,205.65,0.34,49.65,1.0,No
Titan Esports,Entry Fragger,Dust Arena,Semi-Final,15,8,10,31.19,267.99,0.65,37.09,0.87,No
CyberX,Sniper,Frozen Base,Semi-Final,22,11,13,50.0,202.83,0.58,61.2,1.0,Yes
Red Vortex,Sniper,Frozen Base,Group Stage,11,5,12,55.48,250.41,0.35,39.24,0.65,No
Titan Esports,Flex,Frozen Base,Final,23,12,9,39.87,196.66,0.35,65.44,1.0,Yes
Team Nova,Flex,Desert Storm,Final,18,7,12,52.81,255.73,0.01,57.3,0.99,No
Red Vortex,IGL,Skyline,Qualifier,11,8,12,40.19,223.77,0.23,35.8,0.75,No
Team Alpha,IGL,Neon City,Playoff,19,10,8,33.89,246.26,0.65,50.45,1.0,No
CyberX,Sniper,Frozen Base,Playoff,19,4,10,39.81,231.72,0.37,48.2,0.84,No
Phantom Squad,Flex,Neon City,Group Stage,10,7,14,47.77,224.21,0.56,31.29,0.66,No
Team Nova,Support,Dust Arena,Playoff,22,7,13,39.65,156.78,0.34,54.43,1.0,No
Team Nova,IGL,Dust Arena,Group Stage,14,4,9,49.36,201.89,0.13,46.38,0.98,No
Team Alpha,Support,Neon City,Qualifier,13,6,6,51.34,201.01,0.28,48.87,1.0,No
Phantom Squad,IGL,Dust Arena,Group Stage,19,8,7,44.77,215.16,0.9,52.39,0.98,No
Team Nova,Flex,Neon City,Playoff,18,7,10,34.42,253.5,0.39,46.31,0.99,No
CyberX,IGL,Neon City,Final,15,5,5,44.66,219.48,0.51,47.23,0.98,No
Team Nova,Flex,Skyline,Group Stage,10,7,6,33.1,226.06,0.46,32.95,0.68,No
Phantom Squad,Entry Fragger,Dust Arena,Group Stage,13,6,9,48.89,185.15,0.54,42.05,0.89,No
Titan Esports,Sniper,Desert Storm,Semi-Final,10,6,15,42.63,198.17,0.47,27.61,0.9,No
Phantom Squad,Sniper,Skyline,Group Stage,12,7,10,39.21,280.56,0.22,38.41,0.87,No
Team Alpha,Flex,Dust Arena,Semi-Final,17,9,6,27.31,247.62,0.33,47.36,1.0,No
Team Alpha,Flex,Frozen Base,Playoff,12,5,11,56.04,199.9,0.43,41.72,0.94,No
Red Vortex,Entry Fragger,Skyline,Group Stage,12,9,10,61.2,227.12,0.51,48.5,0.88,No
Phantom Squad,Support,Neon City,Qualifier,17,7,15,48.3,215.17,0.65,43.65,0.79,No
Team Nova,Sniper,Dust Arena,Playoff,19,8,11,46.26,198.33,0.45,53.63,1.0,No
Team Alpha,Flex,Desert Storm,Playoff,12,13,12,35.67,199.38,0.24,40.44,0.85,No
Phantom Squad,Support,Desert Storm,Group Stage,9,6,9,42.99,240.63,0.83,28.2,0.72,No
Red Vortex,Sniper,Dust Arena,Qualifier,17,8,11,51.96,167.69,0.39,53.08,0.95,No
Titan Esports,Sniper,Skyline,Playoff,12,15,12,49.12,228.74,0.2,49.56,0.88,No
Titan Esports,Sniper,Dust Arena,Group Stage,14,4,9,42.02,177.4,0.97,34.31,1.0,No
Team Alpha,Flex,Neon City,Playoff,17,6,18,45.52,249.84,0.41,40.66,0.83,No
Red Vortex,Flex,Desert Storm,Final,11,8,11,45.45,191.39,0.68,34.92,0.81,No
Red Vortex,Sniper,Desert Storm,Playoff,11,7,7,42.62,224.3,0.67,36.61,0.68,No
Titan Esports,Entry Fragger,Dust Arena,Qualifier,18,4,10,38.65,252.85,0.98,39.53,1.0,No
CyberX,Support,Frozen Base,Semi-Final,17,6,14,48.23,239.1,0.82,41.91,0.98,No
Red Vortex,Flex,Neon City,Semi-Final,16,6,7,47.87,221.04,0.84,46.54,1.0,No
Team Alpha,Sniper,Dust Arena,Final,9,9,13,34.36,284.01,0.47,26.48,0.72,No
Phantom Squad,Support,Skyline,Group Stage,17,11,5,51.3,196.69,0.57,59.95,1.0,No
Phantom Squad,Support,Frozen Base,Group Stage,19,8,13,41.05,262.14,0.9,44.52,1.0,No
Team Nova,Entry Fragger,Desert Storm,Qualifier,11,8,14,41.28,267.11,0.84,28.24,0.94,No
Team Nova,Support,Dust Arena,Playoff,8,10,10,46.46,232.45,0.2,37.23,0.86,No
CyberX,IGL,Frozen Base,Final,16,8,10,59.46,188.05,0.66,53.13,1.0,No
Team Nova,IGL,Skyline,Group Stage,19,5,13,35.28,180.95,0.83,39.34,0.91,No
CyberX,Support,Skyline,Final,18,8,5,31.26,202.9,0.81,46.53,0.8,No
Titan Esports,Sniper,Desert Storm,Playoff,18,5,8,21.94,249.43,0.19,42.07,0.97,No
Titan Esports,Entry Fragger,Neon City,Final,16,7,5,34.23,206.79,0.63,44.81,0.94,No
Team Nova,Entry Fragger,Neon City,Semi-Final,15,9,15,31.91,202.82,0.26,37.35,0.84,No
Red Vortex,Flex,Desert Storm,Qualifier,19,13,12,54.3,260.97,0.22,63.95,1.0,Yes
CyberX,Sniper,Desert Storm,Final,14,10,12,40.15,178.03,0.45,41.58,1.0,No
Team Alpha,Flex,Dust Arena,Semi-Final,14,8,9,62.45,221.43,0.04,57.83,1.0,No
Titan Esports,Sniper,Desert Storm,Final,15,10,8,40.16,172.78,0.71,44.98,0.87,No
Phantom Squad,IGL,Frozen Base,Semi-Final,17,5,10,49.68,215.88,0.83,45.54,1.0,No
Team Alpha,Entry Fragger,Neon City,Final,10,10,15,58.32,215.4,0.44,39.76,0.92,No
CyberX,Flex,Skyline,Qualifier,18,7,10,46.23,162.36,0.65,49.61,0.98,No
Team Nova,Sniper,Dust Arena,Playoff,14,6,11,59.5,249.36,0.8,44.75,1.0,No
Phantom Squad,IGL,Neon City,Group Stage,18,7,12,23.62,203.97,0.52,37.61,0.98,No
CyberX,Sniper,Dust Arena,Final,16,10,15,36.82,249.09,0.7,38.41,0.99,No
Titan Esports,IGL,Dust Arena,Group Stage,21,9,4,58.45,265.54,0.91,67.12,1.0,Yes
Titan Esports,Entry Fragger,Frozen Base,Playoff,11,8,6,44.55,184.42,0.81,38.17,0.96,No
Phantom Squad,Support,Frozen Base,Playoff,11,7,4,35.81,235.04,0.58,37.11,0.73,No
Titan Esports,Entry Fragger,Neon City,Playoff,10,10,10,46.34,288.28,0.55,37.67,0.96,No
CyberX,Support,Neon City,Group Stage,11,8,11,40.55,193.93,0.68,32.47,0.85,No
Titan Esports,Support,Skyline,Group Stage,11,5,7,47.53,154.55,0.94,34.37,0.83,No
Phantom Squad,Entry Fragger,Neon City,Group Stage,16,4,9,58.27,208.3,0.96,46.54,1.0,No
CyberX,Entry Fragger,Dust Arena,Playoff,20,8,16,27.56,179.13,0.49,40.88,0.91,No
Team Nova,Entry Fragger,Desert Storm,Final,20,8,6,40.47,209.1,0.7,55.23,1.0,No
CyberX,Support,Dust Arena,Semi-Final,12,11,14,43.73,217.15,0.72,35.66,0.98,No
Team Nova,Entry Fragger,Desert Storm,Final,22,7,16,50.21,218.22,0.9,51.11,1.0,No
Team Alpha,Sniper,Desert Storm,Final,12,8,9,58.24,225.28,0.19,50.22,0.93,No
Red Vortex,Flex,Desert Storm,Playoff,15,5,11,56.23,215.07,0.33,48.81,0.92,No
Team Alpha,Sniper,Frozen Base,Semi-Final,17,7,4,37.35,217.24,0.68,48.88,0.97,No
Phantom Squad,Sniper,Neon City,Group Stage,10,4,8,41.14,229.3,0.79,28.67,0.78,No
Red Vortex,IGL,Dust Arena,Semi-Final,16,8,8,41.56,178.41,0.91,43.68,1.0,No
Phantom Squad,Support,Desert Storm,Playoff,4,7,7,39.94,248.31,0.49,23.07,0.73,No
Red Vortex,IGL,Frozen Base,Playoff,14,8,14,56.89,232.32,0.82,42.25,0.8,No
Titan Esports,Flex,Neon City,Semi-Final,13,7,6,38.8,180.03,0.49,41.5,0.99,No
Titan Esports,Support,Desert Storm,Semi-Final,12,7,9,28.57,220.2,0.65,29.78,0.76,No
Team Nova,Sniper,Dust Arena,Group Stage,18,11,9,52.97,208.97,0.74,57.09,1.0,No
Team Nova,Entry Fragger,Skyline,Semi-Final,8,6,13,42.83,256.44,0.94,21.02,0.9,No
CyberX,Sniper,Frozen Base,Final,12,7,5,42.79,233.77,0.63,41.09,0.9,No
CyberX,Sniper,Skyline,Final,12,13,8,41.24,151.87,0.07,48.92,0.85,No
Phantom Squad,Support,Neon City,Semi-Final,14,9,11,51.92,202.4,0.0,51.96,1.0,No
Titan Esports,Support,Frozen Base,Group Stage,21,6,11,34.84,167.53,0.38,50.62,1.0,No
Team Nova,IGL,Neon City,Playoff,14,6,9,37.35,193.52,0.68,36.88,0.75,No
CyberX,Entry Fragger,Neon City,Group Stage,20,5,8,47.81,263.21,0.15,59.41,1.0,No
Team Nova,Sniper,Desert Storm,Final,15,8,14,54.26,212.84,0.73,43.83,0.76,No
Team Alpha,Flex,Skyline,Qualifier,11,8,9,51.24,256.41,0.01,46.52,1.0,No
CyberX,Entry Fragger,Neon City,Qualifier,16,15,8,55.93,210.75,0.76,59.37,1.0,No
Team Nova,IGL,Desert Storm,Qualifier,15,7,13,36.63,190.71,0.98,32.52,0.85,No
CyberX,Entry Fragger,Desert Storm,Group Stage,14,10,9,43.14,195.59,0.99,40.67,1.0,No
CyberX,IGL,Desert Storm,Playoff,15,8,14,53.89,193.1,0.97,41.25,0.76,No
Team Alpha,Flex,Dust Arena,Final,13,6,7,42.94,251.93,0.61,40.37,1.0,No
Team Alpha,Sniper,Neon City,Semi-Final,15,10,11,50.9,182.03,0.8,46.45,0.78,No
Team Nova,Entry Fragger,Neon City,Group Stage,21,9,9,38.45,187.04,0.06,60.62,1.0,Yes
Phantom Squad,Sniper,Desert Storm,Playoff,23,6,9,31.4,230.13,0.82,50.5,0.94,No
CyberX,Flex,Desert Storm,Group Stage,19,11,10,36.55,222.36,0.25,54.77,1.0,No
Red Vortex,Entry Fragger,Neon City,Group Stage,16,16,14,57.08,220.69,0.66,55.94,1.0,No
Red Vortex,Entry Fragger,Skyline,Qualifier,18,8,6,49.57,238.45,0.02,62.58,1.0,Yes
Red Vortex,Support,Dust Arena,Playoff,13,13,13,40.12,224.8,0.77,38.36,0.96,No
Titan Esports,Entry Fragger,Neon City,Group Stage,12,10,5,44.7,149.56,0.62,45.15,0.94,No
Titan Esports,Flex,Desert Storm,Group Stage,18,6,11,47.31,211.66,0.91,45.55,1.0,No
Team Nova,Entry Fragger,Dust Arena,Qualifier,13,9,8,46.58,226.12,0.1,49.29,0.85,No
Red Vortex,Sniper,Frozen Base,Playoff,13,7,10,41.68,198.04,0.32,40.64,1.0,No
Team Alpha,Entry Fragger,Neon City,Playoff,23,9,8,44.56,157.53,0.06,68.68,1.0,Yes
Team Alpha,Flex,Neon City,Group Stage,13,4,9,41.86,210.16,0.23,39.63,0.85,No
Team Nova,Entry Fragger,Dust Arena,Qualifier,12,9,6,44.23,181.46,0.8,41.11,0.98,No
CyberX,Support,Desert Storm,Qualifier,15,10,13,42.84,205.41,0.25,45.92,0.85,No
Phantom Squad,Entry Fragger,Neon City,Final,12,8,10,47.06,225.73,0.74,38.13,0.83,No
Team Nova,IGL,Skyline,Semi-Final,22,9,9,38.61,254.13,0.83,55.01,1.0,No
Team Alpha,IGL,Frozen Base,Group Stage,21,5,8,52.12,253.18,0.02,64.86,1.0,Yes
Team Alpha,Sniper,Frozen Base,Group Stage,16,3,3,45.38,208.71,0.84,46.29,0.82,No
Team Nova,Flex,Dust Arena,Playoff,13,8,11,44.41,193.5,0.26,42.6,1.0,No
Titan Esports,Support,Skyline,Qualifier,10,6,7,43.56,246.49,0.41,36.68,0.92,No
Red Vortex,Flex,Frozen Base,Playoff,17,7,12,44.32,238.05,0.43,46.86,1.0,No
Red Vortex,Support,Skyline,Playoff,15,10,2,50.89,194.78,0.51,58.34,1.0,No
Team Nova,Flex,Neon City,Final,13,9,13,46.4,208.14,0.06,44.6,0.9,No
Red Vortex,IGL,Dust Arena,Semi-Final,9,11,10,39.59,237.4,0.9,29.8,0.95,No
Team Nova,Entry Fragger,Frozen Base,Playoff,11,10,5,38.57,243.18,0.02,46.08,0.92,No
Team Alpha,IGL,Dust Arena,Qualifier,11,5,9,25.24,205.57,0.33,27.32,0.67,No
Phantom Squad,Entry Fragger,Frozen Base,Semi-Final,18,7,16,43.29,231.81,0.91,39.54,1.0,No
Team Alpha,IGL,Dust Arena,Semi-Final,24,6,8,44.91,207.93,0.81,60.35,1.0,Yes
CyberX,IGL,Frozen Base,Final,19,3,6,47.41,229.85,0.31,55.6,0.83,No
CyberX,Sniper,Skyline,Playoff,14,7,11,44.49,214.83,0.77,38.55,0.83,No
Phantom Squad,Sniper,Desert Storm,Qualifier,16,14,11,49.01,189.69,0.82,51.3,0.94,No
Phantom Squad,IGL,Dust Arena,Qualifier,16,3,7,32.21,264.89,0.07,43.41,0.98,No
Team Nova,IGL,Desert Storm,Playoff,15,9,12,44.04,230.73,0.87,40.32,0.83,No
CyberX,IGL,Neon City,Group Stage,17,9,9,41.25,169.04,0.29,51.73,0.96,No
Team Alpha,Sniper,Neon City,Semi-Final,12,10,4,32.24,246.96,0.44,41.72,0.86,No
Team Nova,Support,Dust Arena,Final,13,13,7,50.72,203.52,0.36,53.76,1.0,No
Titan Esports,Entry Fragger,Dust Arena,Semi-Final,12,5,8,46.56,231.87,0.94,34.88,0.89,No
Phantom Squad,Sniper,Frozen Base,Final,10,6,12,42.96,168.23,0.89,26.58,0.98,No
Titan Esports,Entry Fragger,Dust Arena,Final,15,11,13,38.2,236.94,0.02,46.9,0.93,No
Titan Esports,IGL,Skyline,Playoff,9,12,5,36.44,179.12,0.22,41.02,0.82,No
Team Nova,Entry Fragger,Desert Storm,Qualifier,19,13,5,49.15,178.17,0.58,64.78,1.0,Yes
Titan Esports,Support,Skyline,Group Stage,7,13,7,39.65,240.31,0.05,39.33,0.83,No
Team Nova,Entry Fragger,Desert Storm,Group Stage,12,6,11,30.82,204.23,0.35,30.91,0.88,No
Team Nova,Entry Fragger,Desert Storm,Group Stage,18,6,9,45.26,162.07,0.32,52.43,1.0,No
Team Alpha,Support,Frozen Base,Semi-Final,10,11,12,42.07,266.88,0.55,34.53,0.78,No
Team Alpha,IGL,Desert Storm,Final,18,7,4,54.37,262.61,0.28,63.39,1.0,Yes
Team Nova,Entry Fragger,Skyline,Final,14,6,4,50.24,270.35,0.49,50.22,0.87,No
CyberX,Flex,Frozen Base,Qualifier,13,6,7,36.64,183.8,0.93,34.02,0.9,No
Phantom Squad,Flex,Desert Storm,Final,13,9,10,40.74,233.21,0.42,41.17,0.82,No
Team Nova,Entry Fragger,Skyline,Group Stage,14,9,10,43.53,237.63,0.41,44.66,1.0,No
CyberX,Support,Desert Storm,Qualifier,15,11,15,40.31,214.61,0.64,39.76,0.95,No
Red Vortex,IGL,Desert Storm,Final,14,8,7,52.77,222.91,0.51,50.29,0.87,No
Team Nova,IGL,Frozen Base,Semi-Final,16,10,11,39.52,198.81,0.43,46.46,0.98,No
Team Nova,IGL,Neon City,Semi-Final,14,7,16,38.33,237.81,0.14,36.77,0.89,No
Red Vortex,Sniper,Neon City,Semi-Final,11,5,10,54.91,202.82,0.07,43.75,0.93,No
Red Vortex,Entry Fragger,Desert Storm,Semi-Final,22,4,10,49.11,225.87,0.19,60.66,1.0,Yes
Red Vortex,IGL,Neon City,Playoff,8,11,11,57.09,224.43,0.25,42.05,0.97,No
Red Vortex,Flex,Desert Storm,Qualifier,18,7,10,43.98,225.85,0.5,49.99,0.96,No
Phantom Squad,Sniper,Desert Storm,Final,19,10,5,41.3,156.69,0.57,57.95,1.0,No
Titan Esports,IGL,Dust Arena,Final,15,3,9,45.12,218.59,0.17,44.86,0.79,No
Titan Esports,Sniper,Frozen Base,Group Stage,17,8,7,34.14,238.66,0.17,50.37,1.0,No
Titan Esports,Flex,Desert Storm,Playoff,21,8,11,55.73,242.88,0.72,59.66,1.0,No
Phantom Squad,Support,Neon City,Final,21,9,12,32.73,193.88,0.95,45.86,1.0,No
CyberX,Sniper,Frozen Base,Final,23,9,13,48.03,213.03,0.58,60.22,1.0,Yes
CyberX,Flex,Dust Arena,Group Stage,9,2,15,43.68,266.09,0.52,21.64,0.76,No
Team Alpha,Support,Dust Arena,Group Stage,15,3,7,34.65,186.76,0.13,42.03,0.79,No
Team Nova,Entry Fragger,Desert Storm,Qualifier,16,12,10,47.28,250.03,0.39,53.74,1.0,No
Team Nova,Flex,Neon City,Group Stage,14,8,13,50.65,205.11,0.89,39.43,0.92,No
Team Nova,IGL,Dust Arena,Playoff,10,10,10,40.93,256.67,0.46,35.87,0.84,No
CyberX,IGL,Dust Arena,Final,12,8,9,28.22,215.96,0.33,33.81,0.65,No
CyberX,Flex,Dust Arena,Qualifier,11,8,9,49.75,200.27,0.26,43.27,0.82,No
Team Nova,Entry Fragger,Neon City,Playoff,17,8,6,43.63,192.6,0.9,48.81,0.81,No
Phantom Squad,Flex,Desert Storm,Group Stage,22,9,11,54.01,175.4,0.13,67.7,1.0,Yes
Titan Esports,IGL,Desert Storm,Semi-Final,20,13,9,42.65,255.17,0.63,59.03,1.0,No
Phantom Squad,IGL,Desert Storm,Playoff,17,7,7,44.3,225.47,0.16,54.55,0.94,No
CyberX,Flex,Dust Arena,Semi-Final,16,11,11,50.89,225.46,0.97,47.75,0.84,No
Team Alpha,IGL,Neon City,Qualifier,18,10,13,56.42,174.64,0.08,60.41,1.0,Yes
Team Nova,Sniper,Desert Storm,Playoff,15,12,13,40.46,262.33,0.61,43.13,0.8,No
Titan Esports,Sniper,Skyline,Semi-Final,17,12,5,44.85,205.21,0.27,60.72,1.0,Yes
Red Vortex,Entry Fragger,Skyline,Final,7,8,9,44.83,192.37,0.98,25.61,0.86,No
Red Vortex,Sniper,Dust Arena,Final,17,7,13,36.63,229.48,0.38,42.52,0.97,No
Phantom Squad,Entry Fragger,Frozen Base,Qualifier,20,12,12,53.97,215.22,0.41,62.88,1.0,Yes
Red Vortex,Support,Skyline,Qualifier,13,7,9,36.68,228.9,0.94,32.94,0.79,No
Titan Esports,Entry Fragger,Neon City,Playoff,13,4,12,43.98,206.26,0.17,38.29,0.82,No
CyberX,Sniper,Skyline,Final,17,5,6,53.71,255.56,0.55,54.36,1.0,No
CyberX,Flex,Skyline,Playoff,14,11,13,50.05,263.92,0.74,43.62,1.0,No
CyberX,IGL,Desert Storm,Final,14,5,4,32.58,186.26,0.11,44.19,0.97,No
Titan Esports,Sniper,Dust Arena,Playoff,19,13,4,52.26,212.49,0.16,71.53,1.0,Yes
CyberX,Entry Fragger,Neon City,Qualifier,20,7,13,43.71,174.41,0.92,46.66,1.0,No
Titan Esports,Entry Fragger,Skyline,Playoff,7,7,17,42.76,252.74,0.88,16.58,0.78,No
CyberX,Flex,Desert Storm,Final,12,11,10,45.11,195.92,0.88,38.75,0.98,No
CyberX,Entry Fragger,Frozen Base,Playoff,10,13,10,49.3,192.06,0.62,41.45,0.93,No
Team Nova,Sniper,Frozen Base,Group Stage,19,7,10,32.75,219.76,0.81,43.27,0.97,No
Team Alpha,Entry Fragger,Dust Arena,Group Stage,12,4,10,43.68,226.93,0.71,32.74,0.72,No
Red Vortex,Sniper,Neon City,Playoff,17,8,8,46.14,180.76,0.71,49.97,0.95,No
CyberX,Flex,Skyline,Semi-Final,12,12,12,44.15,235.4,0.63,39.78,0.89,No
Titan Esports,Sniper,Dust Arena,Group Stage,23,8,10,46.87,211.64,0.48,62.64,1.0,Yes
Team Alpha,IGL,Desert Storm,Semi-Final,12,9,10,35.71,207.34,0.02,40.66,1.0,No
Phantom Squad,Entry Fragger,Skyline,Qualifier,19,11,8,56.33,229.1,0.25,66.66,0.92,Yes
Phantom Squad,Support,Desert Storm,Semi-Final,11,9,11,50.05,283.54,0.05,44.52,0.99,No
CyberX,Flex,Skyline,Qualifier,12,5,7,44.46,224.59,0.86,35.63,0.92,No
Team Nova,Support,Skyline,Group Stage,14,10,5,45.06,272.9,0.3,52.53,1.0,No
CyberX,IGL,Frozen Base,Group Stage,9,9,9,44.76,205.65,0.21,38.28,0.71,No
Titan Esports,IGL,Frozen Base,Qualifier,15,6,14,42.04,233.07,0.2,41.02,0.83,No
Titan Esports,Support,Skyline,Playoff,21,4,12,51.26,230.47,0.12,58.43,1.0,No
Team Alpha,Sniper,Frozen Base,Final,17,2,8,46.39,182.27,0.78,43.39,0.9,No
Red Vortex,Sniper,Skyline,Group Stage,20,10,17,36.98,237.59,0.25,48.99,0.93,No
CyberX,Support,Dust Arena,Qualifier,12,6,10,55.3,209.07,0.09,46.75,1.0,No
Red Vortex,Entry Fragger,Neon City,Qualifier,11,7,7,31.24,198.9,0.09,36.72,0.83,No
Team Alpha,Entry Fragger,Desert Storm,Playoff,19,9,10,39.72,201.92,0.19,54.96,1.0,No
CyberX,Sniper,Desert Storm,Group Stage,15,8,13,50.84,190.63,0.41,46.32,1.0,No
Phantom Squad,Sniper,Frozen Base,Semi-Final,18,7,5,42.03,211.08,0.74,51.62,1.0,No
Phantom Squad,Sniper,Dust Arena,Qualifier,12,7,10,41.57,207.13,0.86,33.18,0.82,No
Team Alpha,Support,Dust Arena,Group Stage,15,10,7,53.56,233.7,0.97,50.08,0.89,No
Red Vortex,Sniper,Skyline,Qualifier,15,11,11,56.59,219.01,0.48,53.5,1.0,No
Team Nova,IGL,Neon City,Qualifier,13,7,19,49.49,225.83,0.09,37.85,0.89,No
Team Nova,Sniper,Dust Arena,Semi-Final,14,7,10,55.62,217.7,0.82,44.61,0.96,No
Team Alpha,Support,Frozen Base,Qualifier,9,2,4,47.2,209.72,0.17,37.9,0.65,No
Phantom Squad,Flex,Skyline,Qualifier,16,11,10,49.21,210.64,0.85,49.11,0.95,No
CyberX,Support,Neon City,Final,14,4,9,44.33,204.52,0.55,39.66,0.92,No
CyberX,IGL,Desert Storm,Semi-Final,17,12,11,46.34,191.11,0.35,54.67,1.0,No
Phantom Squad,Sniper,Skyline,Playoff,15,12,10,61.5,253.8,0.1,61.75,1.0,Yes
Team Nova,Support,Desert Storm,Semi-Final,9,11,10,51.74,271.01,0.63,38.57,0.8,No
Red Vortex,IGL,Frozen Base,Final,16,4,7,29.97,213.48,0.56,38.38,0.97,No
Team Alpha,Sniper,Neon City,Semi-Final,21,8,5,48.37,217.7,0.63,62.89,1.0,Yes
Team Alpha,Sniper,Skyline,Qualifier,12,8,14,42.08,195.25,0.65,32.54,1.0,No
CyberX,Flex,Desert Storm,Playoff,12,4,7,37.1,234.95,0.06,38.95,1.0,No
CyberX,Flex,Desert Storm,Qualifier,17,8,12,45.64,166.8,0.6,46.82,0.86,No
Team Alpha,Flex,Skyline,Playoff,14,9,11,43.37,217.15,0.64,41.29,0.81,No
Phantom Squad,IGL,Desert Storm,Final,12,8,5,48.92,177.13,0.36,47.86,0.94,No
Team Nova,Flex,Desert Storm,Playoff,12,9,7,49.89,191.69,0.86,42.34,0.92,No
CyberX,Entry Fragger,Dust Arena,Final,11,11,8,49.62,227.39,0.39,45.91,0.89,No
Red Vortex,Support,Desert Storm,Group Stage,20,11,9,62.89,187.89,0.41,69.34,1.0,Yes
Team Nova,Flex,Desert Storm,Final,14,6,8,41.77,129.38,0.58,41.09,0.98,No
Team Alpha,Support,Skyline,Playoff,21,6,11,32.49,224.89,0.68,46.45,0.89,No
Red Vortex,Entry Fragger,Skyline,Qualifier,13,4,11,33.25,210.26,0.05,35.12,1.0,No
Phantom Squad,Entry Fragger,Neon City,Final,24,7,12,49.6,242.98,0.14,66.4,1.0,Yes
Red Vortex,Flex,Dust Arena,Group Stage,15,7,11,33.85,238.67,0.11,41.82,1.0,No
Red Vortex,IGL,Frozen Base,Playoff,13,5,12,56.22,222.47,0.7,40.11,0.92,No
Team Alpha,Flex,Skyline,Semi-Final,16,3,15,32.08,240.31,0.69,29.14,0.97,No
Team Nova,Entry Fragger,Neon City,Semi-Final,18,5,9,51.94,191.57,0.27,55.27,1.0,No
Phantom Squad,Support,Dust Arena,Playoff,13,15,8,47.47,212.96,0.08,55.94,1.0,No
Team Alpha,IGL,Desert Storm,Qualifier,10,8,9,44.45,240.06,0.08,40.43,0.82,No
Team Alpha,Support,Skyline,Semi-Final,12,11,7,38.85,276.97,0.48,42.62,0.88,No
Team Alpha,Entry Fragger,Frozen Base,Qualifier,17,6,7,38.38,241.36,0.11,51.09,1.0,No
Red Vortex,IGL,Frozen Base,Semi-Final,16,12,11,51.84,246.8,0.59,53.02,0.89,No
CyberX,Sniper,Frozen Base,Group Stage,16,7,9,43.93,226.35,0.27,49.27,0.93,No
Phantom Squad,IGL,Frozen Base,Semi-Final,19,4,13,35.48,215.74,0.48,41.94,0.83,No
CyberX,Support,Frozen Base,Group Stage,19,5,10,58.12,199.44,0.52,56.86,1.0,No
Team Alpha,IGL,Neon City,Final,8,7,12,70.72,208.87,0.87,37.66,0.89,No
CyberX,Sniper,Neon City,Semi-Final,13,6,12,54.18,237.77,0.63,40.79,0.72,No
Team Nova,Entry Fragger,Skyline,Qualifier,10,6,11,34.18,225.94,0.72,24.89,0.75,No
CyberX,Support,Skyline,Group Stage,15,6,10,48.44,275.81,0.02,50.02,0.92,No
Team Alpha,Sniper,Desert Storm,Semi-Final,19,5,12,49.78,210.67,0.25,53.39,0.98,No
CyberX,IGL,Skyline,Semi-Final,18,1,7,63.48,185.8,0.77,54.04,0.93,No
Team Alpha,Flex,Dust Arena,Final,19,8,6,41.9,228.79,0.13,59.65,1.0,No
CyberX,Flex,Skyline,Group Stage,11,9,6,42.95,234.94,0.82,38.28,0.91,No
Team Nova,IGL,Neon City,Semi-Final,21,7,10,43.95,242.67,0.46,56.38,1.0,No
Titan Esports,Flex,Dust Arena,Playoff,17,9,9,46.89,202.71,0.32,54.24,0.98,No
Phantom Squad,Entry Fragger,Skyline,Group Stage,16,8,13,34.41,241.65,0.5,39.2,0.88,No
Team Alpha,Support,Skyline,Final,11,11,4,33.87,181.3,0.69,39.04,1.0,No
Team Alpha,Sniper,Skyline,Semi-Final,14,8,11,43.12,226.33,0.1,45.56,0.89,No
Phantom Squad,Flex,Dust Arena,Group Stage,16,7,6,51.17,273.64,0.76,50.98,1.0,No
Titan Esports,IGL,Neon City,Playoff,13,8,16,48.57,183.38,0.81,34.18,0.97,No
Team Nova,Entry Fragger,Desert Storm,Final,20,9,12,47.69,235.51,0.93,51.55,0.82,No
Red Vortex,Sniper,Skyline,Playoff,26,9,6,60.71,226.73,0.95,75.86,1.0,Yes
Red Vortex,Entry Fragger,Desert Storm,Group Stage,16,6,7,40.6,235.39,0.35,47.8,0.99,No
Titan Esports,Support,Desert Storm,Qualifier,16,6,6,39.27,237.88,0.57,45.94,0.9,No
CyberX,Support,Dust Arena,Qualifier,16,10,12,46.05,212.34,0.64,46.62,0.97,No
Team Alpha,Sniper,Neon City,Playoff,15,4,16,52.74,175.72,0.56,38.77,0.85,No
Team Nova,Sniper,Skyline,Final,20,6,20,45.57,239.73,0.7,41.78,0.97,No
Team Alpha,Support,Dust Arena,Final,20,5,11,36.39,162.62,0.34,48.8,1.0,No
Team Alpha,Flex,Dust Arena,Final,13,10,12,35.57,266.71,0.7,34.78,0.86,No
Team Alpha,Sniper,Dust Arena,Semi-Final,17,3,12,61.69,205.13,0.25,53.34,1.0,No
Phantom Squad,IGL,Desert Storm,Group Stage,10,18,12,53.53,250.01,0.04,52.37,1.0,No
Phantom Squad,Entry Fragger,Neon City,Final,22,12,13,43.11,159.02,0.25,62.06,1.0,Yes
CyberX,IGL,Dust Arena,Semi-Final,15,8,11,34.33,223.23,0.28,41.37,1.0,No
Team Nova,Sniper,Skyline,Group Stage,14,6,7,45.98,217.57,0.64,43.59,0.96,No
Phantom Squad,Entry Fragger,Neon City,Group Stage,13,11,11,51.1,181.85,0.76,43.95,0.74,No
Phantom Squad,Sniper,Neon City,Qualifier,21,8,15,41.27,251.88,0.84,47.24,1.0,No
Phantom Squad,Support,Frozen Base,Qualifier,16,9,6,68.22,183.74,0.43,64.81,1.0,Yes
Team Nova,IGL,Dust Arena,Semi-Final,23,8,9,59.84,260.2,0.94,65.52,1.0,Yes
CyberX,Entry Fragger,Frozen Base,Qualifier,9,8,8,43.5,232.39,0.55,34.25,0.73,No
Phantom Squad,IGL,Desert Storm,Playoff,10,6,15,38.62,214.53,0.99,20.41,0.58,No
Team Nova,IGL,Frozen Base,Semi-Final,13,7,5,46.29,260.18,0.87,42.44,0.86,No
Team Nova,Flex,Neon City,Final,16,12,8,51.88,210.45,0.21,59.84,1.0,No
Titan Esports,IGL,Dust Arena,Group Stage,13,9,16,49.24,296.29,0.01,43.52,0.87,No
Titan Esports,Flex,Desert Storm,Group Stage,18,4,10,49.78,220.22,0.57,49.19,1.0,No
Phantom Squad,Flex,Frozen Base,Final,11,7,11,52.03,222.61,0.01,43.91,0.98,No
Team Nova,Support,Skyline,Final,15,8,7,41.56,273.34,0.35,48.28,0.99,No
Red Vortex,Flex,Dust Arena,Playoff,18,7,6,55.63,230.92,0.2,62.81,1.0,Yes
Team Nova,IGL,Skyline,Final,12,8,8,42.71,187.35,0.92,36.16,0.92,No
Titan Esports,Support,Skyline,Playoff,11,6,7,48.11,241.96,0.17,43.35,0.96,No
Titan Esports,Entry Fragger,Desert Storm,Group Stage,22,7,8,49.89,286.17,0.92,58.74,1.0,No
Team Alpha,IGL,Desert Storm,Group Stage,15,7,5,45.14,224.42,0.55,49.07,1.0,No
CyberX,Entry Fragger,Skyline,Group Stage,20,7,10,45.08,232.67,0.09,58.64,0.94,No
CyberX,Sniper,Skyline,Playoff,14,8,4,43.69,220.95,0.34,50.45,1.0,No
Titan Esports,IGL,Dust Arena,Qualifier,22,4,11,48.8,195.48,0.26,58.8,1.0,No
Team Alpha,Flex,Desert Storm,Final,13,5,13,55.7,246.08,0.72,38.65,0.81,No
Red Vortex,Flex,Dust Arena,Group Stage,13,6,9,49.26,196.33,0.97,37.93,0.89,No
Red Vortex,Support,Skyline,Playoff,22,5,9,37.65,236.85,0.93,49.53,0.82,No
Red Vortex,Entry Fragger,Frozen Base,Final,22,15,13,46.84,205.94,0.54,64.02,1.0,Yes
CyberX,Flex,Skyline,Final,12,5,7,43.31,249.41,0.55,38.16,0.83,No
Red Vortex,Support,Frozen Base,Qualifier,10,5,13,39.07,184.65,0.92,22.34,0.56,No
CyberX,Entry Fragger,Frozen Base,Semi-Final,17,5,9,41.59,198.23,0.13,49.5,1.0,No
CyberX,Support,Skyline,Qualifier,9,9,7,44.87,215.73,0.61,36.34,0.78,No
Team Alpha,Sniper,Skyline,Qualifier,10,10,13,55.31,205.39,0.25,42.16,0.95,No
Red Vortex,Entry Fragger,Desert Storm,Qualifier,15,7,7,43.81,193.36,0.49,47.01,1.0,No
Team Nova,Flex,Skyline,Group Stage,13,10,14,40.11,268.58,0.68,35.25,0.75,No
CyberX,IGL,Dust Arena,Qualifier,15,8,5,48.26,184.4,0.03,56.83,1.0,No
Titan Esports,Sniper,Frozen Base,Qualifier,16,11,10,30.61,155.9,0.23,46.01,0.96,No
Titan Esports,Support,Skyline,Semi-Final,15,4,11,47.56,232.92,0.8,38.78,0.85,No
CyberX,Sniper,Dust Arena,Group Stage,13,6,12,59.73,233.35,0.64,43.46,0.86,No
Team Nova,IGL,Frozen Base,Final,14,13,9,51.1,236.48,0.13,56.25,1.0,No
Team Nova,IGL,Neon City,Qualifier,9,6,5,49.19,243.65,0.81,35.49,0.66,No
Team Nova,IGL,Skyline,Final,16,5,14,46.69,182.94,0.89,37.45,0.88,No
Phantom Squad,IGL,Dust Arena,Final,20,7,6,57.61,234.84,0.06,69.21,1.0,Yes
Red Vortex,Support,Dust Arena,Group Stage,6,6,6,35.73,215.59,0.73,22.56,0.77,No
Phantom Squad,Sniper,Frozen Base,Final,13,9,13,41.59,175.71,0.7,35.8,0.85,No
Team Alpha,Flex,Neon City,Group Stage,13,7,11,41.42,231.54,0.98,32.91,0.72,No
Titan Esports,Entry Fragger,Frozen Base,Semi-Final,8,7,10,41.87,220.54,0.73,26.64,0.47,No
Titan Esports,Support,Desert Storm,Semi-Final,11,9,13,37.95,251.36,0.83,28.68,0.8,No
CyberX,Flex,Neon City,Group Stage,15,9,9,43.27,212.09,0.56,46.04,0.79,No
Phantom Squad,Sniper,Frozen Base,Group Stage,14,5,6,45.04,227.94,0.68,42.72,0.94,No
Red Vortex,IGL,Neon City,Qualifier,21,8,8,35.41,234.06,0.22,57.5,1.0,No
Phantom Squad,Entry Fragger,Skyline,Playoff,15,6,7,32.3,277.72,0.16,43.55,1.0,No
Red Vortex,Sniper,Skyline,Final,13,10,14,53.6,184.54,0.71,41.7,0.95,No
Team Alpha,Entry Fragger,Desert Storm,Qualifier,13,9,12,46.18,235.28,0.73,38.79,0.91,No
Red Vortex,Support,Dust Arena,Final,25,6,15,43.82,243.97,0.85,54.41,0.85,No
CyberX,IGL,Dust Arena,Group Stage,14,8,10,46.8,264.97,0.22,47.2,0.9,No
Phantom Squad,Flex,Frozen Base,Group Stage,11,8,6,37.93,187.86,0.36,39.37,1.0,No
Red Vortex,Flex,Desert Storm,Semi-Final,9,15,13,45.22,194.31,0.09,41.71,0.98,No
Team Nova,IGL,Skyline,Group Stage,15,9,14,32.55,198.25,0.01,41.17,0.83,No
CyberX,Entry Fragger,Dust Arena,Qualifier,9,10,12,33.27,224.2,0.99,22.74,0.79,No
CyberX,Sniper,Dust Arena,Group Stage,13,10,10,50.33,227.04,0.18,49.37,0.88,No
Phantom Squad,Support,Neon City,Group Stage,15,10,10,42.49,237.3,0.39,47.35,1.0,No
Titan Esports,IGL,Frozen Base,Semi-Final,15,11,11,44.07,227.65,0.21,49.93,0.89,No
Team Nova,Entry Fragger,Desert Storm,Semi-Final,16,7,17,53.48,199.8,0.22,46.54,0.77,No
Team Nova,Sniper,Dust Arena,Group Stage,9,5,15,44.18,230.16,0.66,23.49,0.78,No
Team Alpha,Entry Fragger,Desert Storm,Qualifier,10,9,7,41.62,272.56,0.46,38.21,0.87,No
Team Nova,IGL,Frozen Base,Semi-Final,10,6,11,56.93,235.49,0.33,40.17,0.98,No
CyberX,Support,Frozen Base,Final,10,8,6,44.83,253.29,0.39,40.52,0.94,No
Phantom Squad,IGL,Frozen Base,Qualifier,21,5,12,44.3,218.39,0.8,49.15,1.0,No
Team Nova,Entry Fragger,Neon City,Final,18,8,9,49.86,173.07,0.38,56.13,1.0,No
Red Vortex,Support,Skyline,Semi-Final,12,6,11,54.57,209.07,0.25,43.78,0.9,No
Team Nova,Entry Fragger,Neon City,Semi-Final,13,5,9,38.43,220.91,0.23,38.92,0.78,No
Phantom Squad,Entry Fragger,Frozen Base,Qualifier,20,5,10,53.15,274.41,0.27,58.88,1.0,No
Titan Esports,Flex,Skyline,Final,12,10,10,47.29,205.92,0.04,47.24,1.0,No
Team Alpha,Support,Frozen Base,Group Stage,13,5,11,34.52,218.44,0.1,36.26,0.83,No
CyberX,Flex,Frozen Base,Final,17,11,9,29.52,225.3,0.55,45.26,0.94,No
Phantom Squad,IGL,Dust Arena,Group Stage,21,9,10,56.63,238.77,0.89,60.41,0.91,Yes
Red Vortex,IGL,Neon City,Group Stage,9,8,11,39.07,186.2,0.01,34.43,0.87,No
CyberX,Sniper,Neon City,Group Stage,9,7,8,50.97,231.25,0.1,41.48,0.76,No
Team Alpha,Entry Fragger,Neon City,Qualifier,19,3,8,42.99,172.94,0.77,46.8,0.8,No
Team Alpha,Sniper,Neon City,Semi-Final,10,9,8,38.44,161.99,0.24,37.82,0.96,No
Phantom Squad,Sniper,Frozen Base,Group Stage,15,7,9,52.06,247.39,0.07,53.33,1.0,No
Phantom Squad,Flex,Neon City,Playoff,16,6,14,52.49,193.22,0.89,41.35,1.0,No
Phantom Squad,Entry Fragger,Neon City,Semi-Final,12,7,8,50.24,207.57,0.88,39.32,0.84,No
Titan Esports,Sniper,Neon City,Final,17,7,13,42.17,200.01,0.31,45.98,1.0,No
Phantom Squad,IGL,Dust Arena,Playoff,19,9,6,59.47,202.86,0.89,61.84,1.0,Yes
Red Vortex,Sniper,Desert Storm,Qualifier,13,7,15,32.55,253.96,0.8,26.27,0.59,No
Titan Esports,Support,Neon City,Playoff,17,2,8,56.21,207.21,0.37,52.41,0.94,No
Red Vortex,Sniper,Frozen Base,Group Stage,18,9,11,47.28,176.51,0.91,48.54,1.0,No
Titan Esports,Sniper,Neon City,Semi-Final,18,5,11,39.45,228.91,0.95,40.23,1.0,No
Phantom Squad,Flex,Desert Storm,Semi-Final,14,7,16,35.28,252.9,0.69,29.74,0.91,No
CyberX,IGL,Dust Arena,Final,14,11,7,43.44,227.16,0.84,45.32,1.0,No
Team Nova,Entry Fragger,Frozen Base,Qualifier,12,11,6,54.82,226.1,0.27,53.71,1.0,No
Titan Esports,Flex,Frozen Base,Final,16,4,9,48.45,243.6,0.15,49.73,1.0,No
Team Nova,Entry Fragger,Desert Storm,Final,7,3,9,42.62,218.73,0.08,28.51,0.67,No
Team Nova,Entry Fragger,Frozen Base,Playoff,18,3,6,45.14,249.68,0.84,47.17,0.91,No
Phantom Squad,Sniper,Desert Storm,Final,11,7,12,44.84,195.91,0.16,37.82,0.97,No
Titan Esports,IGL,Desert Storm,Qualifier,19,5,10,52.01,189.8,0.81,50.9,1.0,No
CyberX,Support,Desert Storm,Semi-Final,17,9,6,26.78,216.9,0.92,41.19,0.96,No
Team Nova,IGL,Dust Arena,Qualifier,16,10,14,28.85,202.06,0.66,35.82,0.94,No
Red Vortex,Sniper,Frozen Base,Group Stage,9,4,12,41.44,178.93,0.38,26.92,0.87,No
Phantom Squad,Flex,Desert Storm,Group Stage,14,4,7,37.24,219.63,0.53,38.32,0.83,No
Team Alpha,Sniper,Desert Storm,Playoff,17,3,15,48.97,190.89,0.37,42.78,1.0,No
Phantom Squad,Sniper,Neon City,Playoff,9,10,10,45.07,227.86,0.89,31.63,0.89,No
Team Nova,Sniper,Dust Arena,Semi-Final,22,12,9,54.25,231.93,0.25,71.62,1.0,Yes
Phantom Squad,Support,Frozen Base,Final,15,10,10,50.16,189.19,0.22,52.88,0.95,No
CyberX,IGL,Dust Arena,Playoff,17,6,8,49.65,244.04,0.59,50.93,0.9,No
Red Vortex,Support,Desert Storm,Playoff,10,6,12,47.58,238.43,1.0,27.79,0.8,No
Red Vortex,IGL,Desert Storm,Playoff,11,8,14,47.58,219.8,0.28,36.99,1.0,No
Titan Esports,Flex,Neon City,Final,10,14,12,47.43,232.35,0.66,39.12,0.97,No
CyberX,IGL,Neon City,Playoff,11,9,8,40.18,235.86,0.46,38.49,0.9,No
Team Nova,Sniper,Dust Arena,Final,24,11,9,45.54,228.69,0.37,69.07,1.0,Yes
Titan Esports,Flex,Neon City,Group Stage,14,10,11,38.6,265.9,0.84,37.9,0.87,No
Red Vortex,IGL,Neon City,Semi-Final,14,6,11,50.09,276.75,0.12,46.84,1.0,No
Red Vortex,Flex,Desert Storm,Qualifier,15,8,13,44.6,177.57,0.16,45.7,1.0,No
Team Alpha,IGL,Dust Arena,Playoff,17,5,15,49.44,212.17,0.38,44.92,0.92,No
Red Vortex,IGL,Neon City,Playoff,11,10,9,31.95,131.99,0.74,31.58,0.74,No
Titan Esports,Support,Desert Storm,Final,8,9,15,46.56,202.41,0.75,25.78,0.77,No
Titan Esports,IGL,Dust Arena,Final,15,6,9,44.46,253.43,1.0,39.23,0.96,No
CyberX,Support,Skyline,Group Stage,9,6,10,48.65,233.33,0.65,31.83,1.0,No
Red Vortex,Support,Dust Arena,Playoff,12,12,9,47.16,233.07,0.34,47.18,1.0,No
Team Alpha,Entry Fragger,Skyline,Semi-Final,19,14,7,37.78,239.84,0.89,54.99,0.89,No
Phantom Squad,Flex,Neon City,Final,17,11,8,42.04,204.1,0.16,56.42,1.0,No
Red Vortex,Entry Fragger,Neon City,Qualifier,16,7,13,58.3,221.65,0.77,47.45,0.71,No
Phantom Squad,Sniper,Skyline,Qualifier,19,9,9,48.07,253.03,0.18,60.23,1.0,Yes
Titan Esports,IGL,Desert Storm,Group Stage,13,6,6,53.67,256.38,0.21,50.73,1.0,No
Team Nova,Sniper,Dust Arena,Group Stage,10,11,7,51.42,223.49,0.91,40.61,1.0,No
Team Alpha,Support,Dust Arena,Semi-Final,17,3,12,47.14,247.5,0.9,39.57,0.9,No
Team Alpha,Entry Fragger,Desert Storm,Playoff,11,8,11,44.64,216.12,0.27,38.62,0.83,No
Phantom Squad,IGL,Neon City,Final,18,2,9,54.96,229.18,0.79,48.58,1.0,No
Red Vortex,Flex,Desert Storm,Group Stage,10,8,3,40.82,241.43,0.47,40.71,0.78,No
Titan Esports,IGL,Frozen Base,Semi-Final,17,11,6,48.51,223.18,0.65,56.75,1.0,No
Red Vortex,Entry Fragger,Frozen Base,Semi-Final,18,10,11,37.33,242.22,0.19,51.77,0.98,No
Titan Esports,Sniper,Frozen Base,Semi-Final,21,8,6,55.61,286.18,0.27,69.11,1.0,Yes
Red Vortex,IGL,Frozen Base,Semi-Final,18,11,9,42.79,183.35,0.96,49.79,1.0,No
Titan Esports,Sniper,Neon City,Qualifier,17,11,11,38.47,182.06,0.35,49.73,0.9,No
Team Alpha,Support,Desert Storm,Playoff,15,7,7,46.65,236.81,0.11,52.23,0.98,No
Titan Esports,IGL,Neon City,Qualifier,16,8,10,39.48,216.12,0.45,45.24,1.0,No
Red Vortex,Entry Fragger,Frozen Base,Final,9,7,5,46.07,208.65,0.59,37.13,0.88,No
Team Nova,Flex,Neon City,Playoff,19,12,15,61.93,199.22,0.67,59.27,0.97,No
Titan Esports,Entry Fragger,Skyline,Qualifier,13,6,16,32.1,173.64,0.55,26.55,0.61,No
Team Nova,Flex,Desert Storm,Playoff,19,4,9,49.04,243.78,0.79,49.62,1.0,No
Phantom Squad,Entry Fragger,Skyline,Qualifier,15,11,10,38.35,212.96,0.39,46.27,0.93,No
Team Alpha,Support,Neon City,Playoff,12,10,8,36.2,204.81,0.16,42.5,1.0,No
Team Nova,Flex,Skyline,Playoff,12,5,10,44.64,213.73,0.79,33.42,0.83,No
Red Vortex,Sniper,Desert Storm,Semi-Final,12,4,8,54.96,249.18,0.66,40.88,0.98,No
Red Vortex,IGL,Dust Arena,Playoff,16,6,10,52.33,218.19,0.38,50.37,0.99,No
Team Alpha,Support,Neon City,Semi-Final,13,6,13,45.06,283.6,0.77,33.83,0.69,No
Phantom Squad,Flex,Frozen Base,Group Stage,18,3,10,56.68,239.79,0.35,53.84,0.97,No
Team Nova,IGL,Neon City,Playoff,16,6,14,44.54,226.4,0.24,43.87,0.79,No
Team Nova,Entry Fragger,Dust Arena,Group Stage,12,6,7,34.06,225.41,0.86,31.43,0.7,No
Phantom Squad,IGL,Desert Storm,Semi-Final,13,5,11,37.03,204.2,0.81,30.41,0.91,No
Team Nova,IGL,Neon City,Qualifier,15,7,10,53.35,185.93,0.43,49.38,1.0,No
Team Alpha,IGL,Dust Arena,Qualifier,13,11,7,48.53,213.94,0.72,47.06,1.0,No
Red Vortex,Sniper,Skyline,Playoff,10,5,11,44.74,186.9,0.4,32.37,0.93,No
Titan Esports,Entry Fragger,Dust Arena,Playoff,18,6,11,39.19,180.93,0.12,49.39,1.0,No
Titan Esports,Entry Fragger,Frozen Base,Playoff,15,10,16,35.69,198.48,0.0,41.84,1.0,No
Red Vortex,Entry Fragger,Frozen Base,Qualifier,19,8,11,58.38,185.56,0.73,56.89,0.94,No
Phantom Squad,IGL,Frozen Base,Final,23,5,12,48.99,236.39,0.97,53.8,0.94,No
Titan Esports,Support,Desert Storm,Semi-Final,15,12,10,30.69,191.99,0.15,45.84,0.96,No
CyberX,Support,Desert Storm,Qualifier,16,4,14,38.88,201.25,0.63,35.14,0.8,No
Team Alpha,Entry Fragger,Desert Storm,Playoff,14,5,16,53.76,251.97,0.31,40.78,0.95,No
Phantom Squad,Flex,Frozen Base,Group Stage,10,9,12,35.13,228.19,0.73,27.26,0.82,No
Red Vortex,Entry Fragger,Skyline,Final,17,4,9,47.98,213.2,0.04,52.59,0.89,No
Team Alpha,IGL,Neon City,Qualifier,19,14,7,46.07,257.14,0.81,59.93,1.0,No
Team Nova,Support,Dust Arena,Semi-Final,13,10,8,54.13,213.12,0.96,45.46,1.0,No
CyberX,Sniper,Frozen Base,Playoff,16,5,12,35.47,191.28,0.93,33.44,0.84,No
Team Alpha,Entry Fragger,Dust Arena,Playoff,12,6,11,52.03,218.11,0.73,37.72,0.65,No
Team Nova,Entry Fragger,Skyline,Playoff,18,11,10,59.66,262.83,0.42,62.63,0.99,Yes
Titan Esports,IGL,Frozen Base,Group Stage,13,5,11,39.91,220.71,0.86,31.35,0.82,No
Titan Esports,Support,Frozen Base,Group Stage,10,6,9,56.32,220.35,0.27,42.46,0.98,No
Red Vortex,Flex,Frozen Base,Qualifier,14,9,5,39.57,191.37,0.92,42.58,0.98,No
Team Nova,Sniper,Dust Arena,Group Stage,19,7,10,44.34,206.67,0.83,48.87,0.86,No
Team Alpha,Entry Fragger,Dust Arena,Group Stage,24,9,6,43.32,144.87,0.21,70.56,1.0,Yes
Team Nova,Sniper,Frozen Base,Final,18,16,11,47.58,212.63,0.06,64.19,1.0,Yes
CyberX,Sniper,Skyline,Final,18,7,9,35.32,210.45,0.98,41.86,1.0,No
Team Alpha,Entry Fragger,Frozen Base,Final,21,11,6,57.79,227.29,0.38,72.09,1.0,Yes
Team Nova,Sniper,Dust Arena,Group Stage,13,15,12,35.98,192.76,0.69,40.09,0.99,No
Phantom Squad,Support,Skyline,Qualifier,14,12,5,44.55,240.0,0.42,53.07,1.0,No
Team Alpha,Sniper,Neon City,Semi-Final,16,8,11,58.85,206.56,0.93,49.12,0.93,No
CyberX,IGL,Desert Storm,Playoff,11,5,11,49.27,226.66,0.15,39.14,0.78,No
Titan Esports,Entry Fragger,Frozen Base,Final,12,12,7,34.56,149.43,0.26,43.68,0.96,No
Phantom Squad,Sniper,Dust Arena,Qualifier,17,4,12,47.18,184.46,0.21,47.49,1.0,No
Team Nova,Flex,Neon City,Semi-Final,18,8,9,33.54,217.61,0.99,41.87,0.87,No
Titan Esports,Sniper,Dust Arena,Semi-Final,20,8,6,32.1,230.12,0.5,53.05,1.0,No
Team Alpha,IGL,Skyline,Semi-Final,15,7,8,29.61,266.4,0.82,35.61,0.78,No
Titan Esports,Sniper,Skyline,Playoff,15,6,12,36.18,274.11,0.87,33.39,0.99,No
Phantom Squad,Flex,Neon City,Semi-Final,16,3,9,47.78,232.9,0.57,44.19,1.0,No
Red Vortex,Support,Skyline,Playoff,15,9,10,43.17,209.27,0.26,47.98,0.9,No
Team Nova,Support,Neon City,Qualifier,13,13,11,39.6,191.05,0.24,45.4,0.95,No
Red Vortex,IGL,Dust Arena,Semi-Final,14,8,7,55.01,185.49,0.5,51.5,0.87,No
Titan Esports,Flex,Neon City,Final,14,4,18,35.9,239.34,0.13,30.65,0.67,No
Phantom Squad,Sniper,Dust Arena,Qualifier,14,7,4,50.9,243.2,0.14,55.05,1.0,No
Team Nova,Sniper,Desert Storm,Qualifier,11,9,7,49.78,237.4,0.1,47.89,0.75,No
Red Vortex,Sniper,Desert Storm,Playoff,16,11,17,50.11,219.69,0.48,46.26,0.78,No
Team Nova,Support,Dust Arena,Semi-Final,14,9,12,40.72,241.17,0.11,44.26,0.96,No
Team Nova,IGL,Desert Storm,Qualifier,9,12,8,50.63,249.68,0.09,46.41,1.0,No
Red Vortex,Support,Neon City,Group Stage,17,9,4,47.42,219.17,0.9,53.71,0.99,No
Titan Esports,Flex,Neon City,Playoff,11,7,8,47.32,184.24,0.23,42.36,0.89,No
Team Nova,Sniper,Skyline,Semi-Final,17,7,12,55.76,256.57,0.66,50.28,0.92,No
Phantom Squad,Flex,Desert Storm,Qualifier,12,3,7,39.61,243.2,0.54,34.41,0.84,No
Team Nova,Flex,Desert Storm,Semi-Final,11,10,12,37.95,179.64,0.27,36.27,0.93,No
Phantom Squad,Support,Frozen Base,Playoff,8,9,15,54.04,192.22,0.22,34.82,0.89,No
Phantom Squad,Entry Fragger,Dust Arena,Final,10,7,9,42.5,212.99,0.9,30.25,0.78,No
Red Vortex,Sniper,Dust Arena,Qualifier,8,11,12,64.4,226.92,0.16,45.6,1.0,No
CyberX,Support,Desert Storm,Playoff,15,6,10,43.45,216.02,0.19,45.83,1.0,No
CyberX,Sniper,Skyline,Group Stage,16,9,9,52.34,256.93,0.07,57.47,1.0,No
Titan Esports,Entry Fragger,Desert Storm,Playoff,8,14,8,46.62,176.64,0.18,43.51,0.87,No
CyberX,Sniper,Skyline,Playoff,15,6,9,39.25,251.65,0.11,45.52,1.0,No
Phantom Squad,IGL,Desert Storm,Qualifier,21,4,9,45.51,180.07,0.78,51.95,1.0,No
CyberX,Sniper,Dust Arena,Qualifier,9,13,12,46.44,239.68,0.21,40.12,0.81,No
CyberX,IGL,Desert Storm,Playoff,12,7,19,53.55,239.7,0.76,31.17,0.78,No
Team Nova,Flex,Desert Storm,Group Stage,15,8,9,62.66,259.07,0.75,52.83,1.0,No
Team Alpha,Support,Desert Storm,Semi-Final,9,12,12,47.13,232.2,0.53,36.27,0.83,No
Team Alpha,IGL,Desert Storm,Playoff,23,8,12,39.67,206.74,0.1,60.84,1.0,Yes
Team Alpha,Flex,Frozen Base,Final,12,7,8,43.97,202.57,0.21,42.88,0.75,No
Red Vortex,Entry Fragger,Frozen Base,Playoff,16,9,6,42.11,247.44,0.77,48.35,1.0,No
CyberX,Support,Desert Storm,Semi-Final,20,10,13,56.26,219.74,0.99,55.23,1.0,No
Team Nova,Flex,Desert Storm,Final,17,5,6,43.43,273.69,0.76,47.12,1.0,No
Phantom Squad,Flex,Desert Storm,Final,18,7,3,39.46,223.87,0.36,56.13,0.97,No
Team Alpha,Sniper,Neon City,Final,14,9,4,53.76,177.14,0.71,52.78,1.0,No
CyberX,Support,Desert Storm,Group Stage,14,10,11,53.2,202.07,0.61,47.5,1.0,No
Phantom Squad,Flex,Skyline,Final,15,13,5,41.78,175.62,0.8,50.89,1.0,No
Phantom Squad,Entry Fragger,Dust Arena,Qualifier,9,10,18,44.96,196.7,0.77,24.78,0.64,No
Phantom Squad,IGL,Skyline,Semi-Final,13,5,5,41.93,259.83,0.59,41.07,0.88,No
CyberX,Sniper,Desert Storm,Qualifier,13,10,10,51.28,171.81,0.45,47.14,0.99,No
CyberX,Sniper,Dust Arena,Semi-Final,14,13,17,34.47,189.01,0.64,34.84,0.92,No
Team Nova,Flex,Dust Arena,Final,18,12,7,46.36,196.16,0.19,62.28,1.0,Yes
Phantom Squad,Sniper,Dust Arena,Group Stage,15,6,11,38.18,160.7,0.67,37.39,0.96,No
Titan Esports,Sniper,Skyline,Playoff,8,6,12,48.31,180.2,0.58,28.36,0.9,No
Team Alpha,Support,Neon City,Playoff,14,10,12,49.38,199.55,0.77,42.99,0.86,No
CyberX,Entry Fragger,Frozen Base,Semi-Final,20,11,7,52.58,237.45,0.6,64.29,1.0,Yes
CyberX,Sniper,Neon City,Playoff,20,8,13,52.39,206.26,0.05,60.7,1.0,Yes
Team Alpha,IGL,Desert Storm,Group Stage,9,10,8,50.61,262.44,0.58,39.51,1.0,No
Titan Esports,Support,Neon City,Semi-Final,14,6,16,32.49,254.34,0.07,33.55,0.89,No
Phantom Squad,Support,Desert Storm,Final,13,12,13,35.02,220.02,0.23,40.21,0.99,No
Titan Esports,Sniper,Dust Arena,Playoff,12,8,7,47.27,277.53,0.43,44.34,0.88,No
Team Nova,Support,Dust Arena,Semi-Final,16,14,11,53.4,255.92,0.3,58.7,1.0,No
Titan Esports,Support,Skyline,Final,15,12,11,31.4,233.59,0.37,43.0,1.0,No
CyberX,Support,Desert Storm,Qualifier,15,6,8,43.21,206.38,0.3,46.61,1.0,No
Team Alpha,Sniper,Frozen Base,Qualifier,10,8,10,34.62,181.81,0.83,27.01,0.76,No
CyberX,Support,Dust Arena,Semi-Final,16,6,12,44.24,252.17,0.76,40.52,1.0,No
Team Nova,Entry Fragger,Frozen Base,Qualifier,8,5,11,47.47,231.73,0.97,24.04,0.9,No
Titan Esports,Support,Dust Arena,Final,18,11,9,51.36,231.59,0.34,60.28,1.0,Yes
CyberX,Support,Dust Arena,Final,15,8,14,48.72,235.85,0.13,47.06,1.0,No
Team Alpha,Sniper,Neon City,Qualifier,15,10,14,42.35,185.27,0.56,41.57,0.87,No
Red Vortex,Support,Desert Storm,Group Stage,12,8,12,39.66,250.81,0.51,34.73,0.86,No
Team Nova,Entry Fragger,Neon City,Playoff,15,3,8,44.36,263.28,0.99,37.28,0.97,No
Red Vortex,IGL,Neon City,Playoff,16,8,18,50.25,222.81,0.93,37.83,0.83,No
Red Vortex,Support,Neon City,Playoff,16,11,10,33.24,240.38,0.53,44.32,1.0,No
Red Vortex,IGL,Skyline,Semi-Final,17,6,7,23.64,202.12,0.43,40.52,0.83,No
Titan Esports,Sniper,Skyline,Qualifier,17,10,12,49.31,217.18,0.8,48.66,1.0,No
Red Vortex,Support,Desert Storm,Qualifier,12,5,10,32.67,150.08,0.14,33.94,0.87,No
Phantom Squad,Flex,Skyline,Group Stage,10,5,8,42.41,188.64,0.92,29.0,0.65,No
CyberX,Sniper,Dust Arena,Playoff,13,7,9,55.09,164.47,0.73,44.25,1.0,No
Team Alpha,IGL,Neon City,Qualifier,20,7,9,52.64,267.7,0.21,62.22,1.0,Yes
Team Nova,IGL,Desert Storm,Qualifier,17,3,10,57.64,253.94,0.03,55.52,1.0,No
Red Vortex,IGL,Dust Arena,Semi-Final,8,7,11,46.67,222.5,0.29,32.44,0.75,No
Red Vortex,Sniper,Neon City,Qualifier,16,11,11,28.6,279.3,0.88,37.5,1.0,No
Team Nova,Flex,Desert Storm,Playoff,16,4,9,36.3,172.65,0.09,44.25,0.92,No
Phantom Squad,Support,Skyline,Semi-Final,9,4,17,51.46,287.67,0.07,30.03,0.64,No
Team Alpha,Sniper,Frozen Base,Final,12,6,11,60.95,235.37,0.4,45.48,1.0,No
Titan Esports,Entry Fragger,Frozen Base,Qualifier,18,8,15,42.94,261.75,0.56,44.87,0.86,No
CyberX,Entry Fragger,Neon City,Group Stage,18,9,2,41.18,218.73,0.59,57.69,1.0,No
Team Alpha,Flex,Neon City,Final,6,12,8,50.65,245.87,0.86,32.73,0.92,No
Titan Esports,Entry Fragger,Frozen Base,Qualifier,14,6,5,56.25,201.83,0.12,55.92,0.91,No
Red Vortex,Entry Fragger,Desert Storm,Qualifier,10,9,9,29.86,213.13,0.83,26.63,0.75,No
Team Nova,Support,Dust Arena,Semi-Final,13,5,11,52.96,151.54,0.17,44.78,0.88,No
CyberX,Flex,Frozen Base,Playoff,15,8,14,44.05,201.08,0.54,40.62,0.92,No
Phantom Squad,IGL,Desert Storm,Semi-Final,20,8,7,32.38,218.63,0.08,56.39,1.0,No
Team Alpha,Entry Fragger,Frozen Base,Final,16,7,8,50.52,184.91,0.05,55.76,1.0,No
Titan Esports,Flex,Dust Arena,Semi-Final,14,15,12,43.97,189.25,0.22,50.78,0.96,No
Titan Esports,Entry Fragger,Frozen Base,Semi-Final,19,6,8,33.07,254.65,0.82,44.33,0.95,No
CyberX,IGL,Dust Arena,Playoff,14,9,9,44.74,257.37,0.66,43.77,0.85,No
Team Nova,Sniper,Desert Storm,Qualifier,19,4,10,53.53,210.31,0.93,49.47,1.0,No
Team Nova,Sniper,Dust Arena,Group Stage,16,5,6,42.0,224.95,0.59,46.1,0.87,No
Team Alpha,Sniper,Frozen Base,Qualifier,21,5,11,48.96,197.32,0.9,51.48,1.0,No
Phantom Squad,Sniper,Frozen Base,Semi-Final,25,10,11,39.81,226.01,0.66,62.3,1.0,Yes
Titan Esports,Entry Fragger,Skyline,Final,17,10,16,42.03,234.37,0.03,48.72,0.81,No
Team Nova,Flex,Desert Storm,Group Stage,6,6,12,51.07,219.82,0.41,27.44,0.88,No
Red Vortex,Sniper,Desert Storm,Final,21,10,12,49.84,227.66,0.5,59.92,1.0,No
Titan Esports,Flex,Desert Storm,Playoff,28,7,16,43.76,178.95,0.17,67.18,1.0,Yes
Phantom Squad,Entry Fragger,Skyline,Final,12,11,13,45.29,250.09,0.22,42.44,0.91,No
CyberX,Support,Skyline,Qualifier,15,16,7,39.51,174.03,0.29,55.85,1.0,No
Team Nova,Support,Skyline,Semi-Final,14,6,16,57.49,203.61,0.27,44.05,1.0,No
Team Alpha,Support,Neon City,Group Stage,12,5,11,44.11,223.52,0.47,35.36,0.83,No
Team Alpha,IGL,Neon City,Qualifier,13,2,18,40.26,214.9,0.04,29.73,0.86,No
Titan Esports,IGL,Frozen Base,Group Stage,14,8,11,47.19,219.72,0.65,42.09,0.9,No
Team Nova,Sniper,Frozen Base,Semi-Final,17,6,8,58.74,253.59,0.42,57.17,1.0,No
Team Nova,Entry Fragger,Dust Arena,Final,19,5,9,51.73,206.96,0.56,54.26,0.99,No
Phantom Squad,Sniper,Frozen Base,Final,13,11,13,49.47,220.93,0.61,42.63,0.93,No
Phantom Squad,Entry Fragger,Dust Arena,Final,12,10,16,55.27,232.14,0.96,36.04,0.95,No
CyberX,Support,Dust Arena,Final,12,14,8,36.24,180.55,0.89,39.22,0.8,No
Team Nova,Entry Fragger,Dust Arena,Final,13,7,8,46.44,203.59,0.08,47.42,1.0,No
Team Alpha,Flex,Frozen Base,Qualifier,22,6,15,40.31,212.27,0.54,49.76,0.99,No
Team Nova,Flex,Desert Storm,Final,11,8,9,42.6,198.26,0.92,33.1,0.79,No
Team Alpha,Flex,Desert Storm,Semi-Final,11,10,7,41.78,189.63,0.02,45.69,1.0,No
Red Vortex,Support,Skyline,Group Stage,17,8,6,50.21,281.2,0.92,51.91,1.0,No
Phantom Squad,Support,Neon City,Semi-Final,15,4,10,28.31,224.84,0.81,30.05,0.79,No
Team Nova,Entry Fragger,Dust Arena,Group Stage,23,7,5,44.94,279.4,0.76,62.87,1.0,Yes
CyberX,Entry Fragger,Dust Arena,Semi-Final,17,12,9,36.84,264.58,0.87,46.72,0.92,No
Titan Esports,Entry Fragger,Skyline,Group Stage,16,5,13,48.15,191.75,0.48,43.28,1.0,No
Titan Esports,IGL,Dust Arena,Group Stage,11,9,11,39.99,151.05,0.85,31.5,0.77,No
Team Alpha,Flex,Dust Arena,Final,15,11,9,40.12,246.58,0.12,50.86,1.0,No
Titan Esports,IGL,Frozen Base,Semi-Final,13,5,11,41.08,236.75,0.41,36.44,0.92,No
Red Vortex,IGL,Dust Arena,Group Stage,22,8,11,71.79,259.65,0.12,75.7,1.0,Yes
Titan Esports,Sniper,Frozen Base,Semi-Final,12,10,9,21.37,140.15,0.43,31.39,0.88,No
Team Nova,Flex,Frozen Base,Final,10,10,13,30.41,226.08,0.52,27.0,0.85,No
Phantom Squad,Support,Desert Storm,Playoff,13,10,11,54.55,206.63,0.0,52.27,1.0,No
Team Alpha,IGL,Frozen Base,Semi-Final,15,9,10,56.32,190.05,0.56,51.56,0.84,No
Team Nova,Sniper,Frozen Base,Semi-Final,12,4,9,53.09,231.29,0.63,39.25,1.0,No
Titan Esports,Entry Fragger,Dust Arena,Final,9,9,10,49.0,229.28,0.04,41.1,0.95,No
Red Vortex,Support,Neon City,Final,13,7,11,45.51,281.71,0.65,38.25,0.91,No
Phantom Squad,Flex,Neon City,Group Stage,17,7,12,52.83,174.75,0.17,53.71,0.92,No
CyberX,Sniper,Dust Arena,Semi-Final,13,7,5,32.03,218.46,0.28,41.22,1.0,No
CyberX,Support,Desert Storm,Qualifier,15,6,14,50.74,231.05,0.33,44.07,1.0,No
Team Nova,Sniper,Dust Arena,Final,20,9,14,53.04,201.46,0.95,52.02,0.95,No
Phantom Squad,Support,Dust Arena,Final,14,8,8,49.32,247.56,0.47,47.96,1.0,No
Team Alpha,Entry Fragger,Desert Storm,Group Stage,23,7,15,54.91,149.05,0.23,63.16,1.0,Yes
Phantom Squad,Flex,Neon City,Semi-Final,14,12,7,42.59,236.11,0.44,49.9,0.98,No
Titan Esports,Sniper,Dust Arena,Group Stage,14,10,10,59.08,224.45,0.0,57.54,0.97,No
Team Alpha,Sniper,Dust Arena,Playoff,17,8,9,45.91,230.96,0.59,50.05,0.88,No
Team Alpha,Support,Dust Arena,Qualifier,6,6,14,40.71,269.76,0.64,17.95,0.47,No
Titan Esports,Sniper,Skyline,Playoff,9,8,11,39.74,218.15,0.58,29.07,0.8,No
Phantom Squad,Flex,Desert Storm,Qualifier,13,5,10,50.37,267.41,0.72,38.98,0.96,No
Team Alpha,Flex,Desert Storm,Group Stage,15,4,11,40.16,267.31,0.5,38.08,1.0,No
Team Alpha,Entry Fragger,Neon City,Semi-Final,15,7,9,44.54,211.14,0.83,41.97,0.96,No
Phantom Squad,Support,Skyline,Playoff,7,12,9,44.97,230.06,0.17,37.78,0.99,No
Phantom Squad,Entry Fragger,Dust Arena,Semi-Final,13,6,7,28.52,187.07,0.04,38.86,0.81,No
Red Vortex,Sniper,Neon City,Qualifier,19,8,8,45.51,232.02,0.72,53.55,1.0,No
Red Vortex,Flex,Dust Arena,Playoff,11,7,12,51.35,186.17,0.61,36.57,0.89,No
Red Vortex,Flex,Frozen Base,Final,15,8,12,40.37,218.8,0.33,42.89,0.88,No
Team Nova,IGL,Frozen Base,Playoff,19,6,5,58.59,213.8,0.29,65.39,1.0,Yes
Phantom Squad,Entry Fragger,Dust Arena,Playoff,16,8,8,44.17,159.91,0.74,46.69,0.93,No
CyberX,Flex,Skyline,Semi-Final,15,6,21,31.69,195.66,0.38,27.04,1.0,No
Titan Esports,IGL,Desert Storm,Final,16,13,9,44.61,198.42,0.08,57.51,1.0,No
Team Nova,Entry Fragger,Skyline,Playoff,19,13,7,51.48,225.37,0.79,61.84,1.0,Yes
Red Vortex,Support,Frozen Base,Group Stage,22,10,10,45.99,255.61,0.46,62.4,1.0,Yes
Titan Esports,IGL,Skyline,Playoff,12,12,6,42.72,221.94,0.87,42.66,0.77,No
Team Alpha,IGL,Neon City,Qualifier,13,2,9,51.64,220.74,0.18,43.02,0.75,No
Phantom Squad,Flex,Skyline,Playoff,10,4,10,53.65,238.11,0.61,34.73,0.82,No
Titan Esports,Sniper,Frozen Base,Playoff,13,8,8,57.43,218.33,0.83,46.42,0.79,No
Team Alpha,IGL,Frozen Base,Group Stage,15,6,13,34.41,284.77,0.57,34.5,0.83,No
CyberX,Flex,Desert Storm,Playoff,5,6,7,36.24,224.66,0.25,24.62,0.86,No
Red Vortex,Entry Fragger,Neon City,Final,11,2,11,38.32,296.54,0.85,23.66,0.85,No
Team Alpha,IGL,Dust Arena,Qualifier,9,5,9,50.19,236.77,0.91,29.99,0.89,No
Phantom Squad,Sniper,Frozen Base,Semi-Final,16,9,8,54.35,215.02,0.01,60.07,1.0,Yes
Titan Esports,IGL,Skyline,Qualifier,25,11,9,39.15,243.46,0.92,62.38,1.0,Yes
Team Nova,IGL,Neon City,Group Stage,19,6,7,59.58,225.35,0.56,61.19,1.0,Yes
Titan Esports,Flex,Neon City,Qualifier,12,13,10,47.9,210.08,0.19,49.05,1.0,No
Red Vortex,Sniper,Frozen Base,Final,18,9,16,40.08,178.55,0.93,39.74,0.83,No
Phantom Squad,Flex,Neon City,Group Stage,18,6,10,34.56,289.34,0.6,43.28,0.83,No
Team Nova,Entry Fragger,Dust Arena,Qualifier,24,6,17,50.01,227.23,0.25,59.5,1.0,No
CyberX,Sniper,Dust Arena,Group Stage,11,5,13,50.12,224.91,0.89,30.16,0.77,No
Team Alpha,Entry Fragger,Desert Storm,Semi-Final,19,4,11,36.58,246.8,0.59,43.39,1.0,No
Phantom Squad,IGL,Dust Arena,Final,18,6,8,53.06,228.28,0.36,56.93,1.0,No
CyberX,Flex,Skyline,Qualifier,15,2,6,42.29,212.4,0.36,43.54,1.0,No
Titan Esports,IGL,Skyline,Semi-Final,16,5,13,47.06,217.58,0.36,43.93,1.0,No
Phantom Squad,Flex,Frozen Base,Playoff,13,9,8,55.59,217.81,0.29,51.9,1.0,No
Red Vortex,IGL,Frozen Base,Semi-Final,10,5,6,51.39,254.13,0.19,42.8,0.92,No
Team Nova,Support,Desert Storm,Semi-Final,13,8,9,58.39,238.33,0.86,45.59,1.0,No
Red Vortex,IGL,Dust Arena,Final,12,8,15,53.43,216.38,0.02,43.52,0.75,No
Team Alpha,Entry Fragger,Skyline,Semi-Final,21,7,4,44.6,249.31,0.6,61.3,1.0,Yes
Phantom Squad,Flex,Frozen Base,Final,12,9,13,46.64,172.3,0.76,35.72,0.82,No
CyberX,Support,Desert Storm,Final,14,5,20,52.29,232.13,0.93,29.84,0.84,No
Phantom Squad,Entry Fragger,Skyline,Playoff,9,5,14,38.68,251.34,0.57,22.64,0.8,No
Team Nova,Sniper,Skyline,Semi-Final,18,12,13,38.66,229.63,0.11,53.23,0.87,No
Red Vortex,Flex,Dust Arena,Group Stage,19,4,12,54.95,158.49,0.14,56.08,0.99,No
Titan Esports,IGL,Neon City,Qualifier,15,8,6,45.24,229.52,0.66,48.02,0.9,No
Phantom Squad,Entry Fragger,Skyline,Final,13,7,10,50.86,237.53,0.33,45.13,0.91,No
CyberX,Flex,Frozen Base,Playoff,11,5,8,37.59,224.88,0.68,31.0,0.82,No
Phantom Squad,Sniper,Skyline,Playoff,16,9,7,44.58,195.86,0.46,51.69,0.93,No
Phantom Squad,IGL,Neon City,Group Stage,15,8,13,35.86,227.94,0.52,37.73,0.79,No
CyberX,IGL,Desert Storm,Playoff,19,11,12,38.21,243.19,0.83,47.81,0.84,No
Titan Esports,Entry Fragger,Dust Arena,Qualifier,13,6,9,53.36,198.87,0.01,49.58,1.0,No
CyberX,Sniper,Frozen Base,Playoff,21,14,13,49.78,213.26,0.37,64.19,1.0,Yes
Team Nova,Support,Desert Storm,Semi-Final,18,6,14,57.16,239.52,0.66,49.98,1.0,No
Titan Esports,IGL,Skyline,Qualifier,16,7,18,51.33,215.15,0.7,39.66,0.82,No
Red Vortex,Flex,Frozen Base,Qualifier,24,12,13,53.38,218.69,0.81,65.59,1.0,Yes
Red Vortex,Support,Dust Arena,Group Stage,12,11,11,48.2,218.92,0.7,41.1,0.82,No
Red Vortex,Support,Dust Arena,Semi-Final,20,5,9,45.64,233.55,0.87,50.12,1.0,No
CyberX,Support,Desert Storm,Final,14,11,10,40.8,224.2,0.99,39.5,0.88,No
Team Nova,IGL,Neon City,Playoff,14,9,12,43.46,249.72,0.06,46.13,0.85,No
Red Vortex,IGL,Neon City,Playoff,17,2,10,44.05,224.32,0.07,47.32,1.0,No
Phantom Squad,Entry Fragger,Dust Arena,Final,9,11,7,54.26,159.12,0.61,43.03,1.0,No
Titan Esports,IGL,Frozen Base,Final,12,5,11,49.72,254.71,0.61,36.76,0.98,No
Team Nova,Entry Fragger,Skyline,Group Stage,20,5,11,45.69,250.02,0.59,50.95,0.91,No
Team Nova,IGL,Neon City,Playoff,17,5,12,23.67,186.58,0.9,29.84,0.92,No
Team Nova,Entry Fragger,Neon City,Group Stage,14,13,11,53.14,156.61,0.1,55.57,1.0,No
Team Alpha,Sniper,Dust Arena,Qualifier,15,8,7,56.56,187.54,0.22,57.08,1.0,No
Team Nova,Sniper,Neon City,Group Stage,18,11,13,45.0,214.97,0.6,50.5,0.92,No
Team Nova,Flex,Skyline,Playoff,12,11,11,39.76,244.18,0.84,35.48,0.77,No
Team Alpha,Flex,Frozen Base,Final,20,12,11,56.51,230.37,0.91,60.15,1.0,Yes
CyberX,Support,Skyline,Qualifier,15,5,12,32.95,263.49,0.15,37.98,1.0,No
Phantom Squad,IGL,Skyline,Qualifier,14,8,10,29.24,189.22,0.91,31.52,0.72,No
Team Nova,IGL,Frozen Base,Group Stage,18,15,12,57.39,284.76,0.01,67.59,1.0,Yes
Red Vortex,Support,Desert Storm,Playoff,16,6,6,49.91,223.32,0.83,48.66,1.0,No
Titan Esports,Sniper,Neon City,Qualifier,14,9,9,44.29,222.31,0.49,45.24,0.96,No
Phantom Squad,Entry Fragger,Neon City,Qualifier,19,7,7,34.9,207.85,0.14,54.05,1.0,No
CyberX,Sniper,Dust Arena,Semi-Final,10,5,14,32.05,211.92,0.97,17.32,0.62,No
Titan Esports,Flex,Skyline,Group Stage,11,7,12,51.2,206.43,0.46,38.0,0.74,No
Phantom Squad,Sniper,Dust Arena,Semi-Final,8,3,7,61.71,223.19,0.95,33.36,0.8,No
Team Nova,Sniper,Desert Storm,Playoff,11,7,3,50.86,171.65,0.81,43.33,0.82,No
Phantom Squad,IGL,Dust Arena,Qualifier,15,7,7,41.38,233.38,0.72,43.49,0.73,No
Red Vortex,Support,Dust Arena,Group Stage,15,3,14,42.39,197.92,0.83,31.9,0.74,No
Titan Esports,Sniper,Frozen Base,Final,17,11,5,38.52,227.26,0.42,55.06,1.0,No
Titan Esports,Support,Desert Storm,Final,15,8,15,42.34,256.01,0.09,43.27,0.86,No
Phantom Squad,IGL,Desert Storm,Final,13,5,6,41.0,207.84,0.89,36.6,0.7,No
Phantom Squad,Support,Neon City,Group Stage,22,7,11,41.66,203.88,0.25,58.33,0.84,No
Team Nova,Sniper,Neon City,Group Stage,8,10,12,45.7,200.11,0.08,36.05,0.8,No
Phantom Squad,Entry Fragger,Neon City,Final,9,5,7,45.11,184.35,0.4,34.55,0.94,No
Red Vortex,Support,Frozen Base,Playoff,15,10,16,40.75,250.71,0.42,40.17,0.92,No
Team Alpha,IGL,Skyline,Final,7,6,6,36.07,226.96,0.76,24.43,0.81,No
Phantom Squad,IGL,Desert Storm,Playoff,14,6,10,43.34,216.18,0.19,43.77,1.0,No
Titan Esports,Flex,Desert Storm,Semi-Final,18,6,10,53.59,163.28,0.46,54.2,0.99,No
Red Vortex,Sniper,Skyline,Final,13,8,8,37.79,233.66,0.76,37.29,1.0,No
CyberX,Sniper,Skyline,Group Stage,17,9,9,39.35,195.95,0.94,44.27,1.0,No
Red Vortex,Support,Dust Arena,Qualifier,11,9,8,44.62,179.89,0.49,40.41,0.85,No
Team Alpha,Support,Desert Storm,Qualifier,18,11,11,44.16,180.11,0.39,54.18,1.0,No
Phantom Squad,Support,Neon City,Semi-Final,14,8,13,41.57,230.56,0.24,41.38,0.9,No
Team Alpha,Flex,Frozen Base,Group Stage,12,11,7,62.06,187.71,0.68,52.23,0.82,No
Phantom Squad,Flex,Neon City,Playoff,9,8,10,51.85,254.86,0.91,32.82,0.84,No
Titan Esports,Sniper,Skyline,Playoff,14,3,9,42.01,257.3,0.49,38.1,0.89,No
Team Nova,Sniper,Frozen Base,Final,11,15,13,31.14,192.63,0.62,33.37,0.84,No
Phantom Squad,IGL,Dust Arena,Semi-Final,23,8,11,51.27,196.65,0.83,60.34,1.0,Yes
Phantom Squad,Flex,Desert Storm,Semi-Final,14,9,15,30.92,175.69,0.76,29.86,0.67,No
Red Vortex,IGL,Dust Arena,Qualifier,15,4,15,46.59,199.56,0.08,41.5,0.93,No
Titan Esports,Support,Skyline,Final,16,14,6,39.84,223.46,0.27,57.22,1.0,No
Team Nova,Support,Neon City,Playoff,9,9,11,48.37,205.05,0.27,37.48,0.81,No
Red Vortex,Support,Desert Storm,Semi-Final,13,6,4,47.32,187.32,0.51,46.56,0.88,No
Red Vortex,Support,Dust Arena,Semi-Final,21,10,12,50.81,214.25,0.57,59.7,1.0,No
Team Alpha,Entry Fragger,Frozen Base,Final,15,5,14,31.96,191.97,0.27,34.28,0.89,No
Team Nova,Sniper,Dust Arena,Playoff,15,4,12,44.09,182.15,1.0,34.05,0.74,No
Team Nova,Support,Dust Arena,Final,14,8,13,29.79,209.51,0.14,36.49,0.76,No
Team Alpha,Sniper,Dust Arena,Playoff,18,10,11,39.12,239.58,0.44,50.16,1.0,No
Team Nova,Support,Dust Arena,Qualifier,18,13,8,35.61,239.72,0.05,58.3,0.88,No
Team Nova,Entry Fragger,Neon City,Qualifier,18,12,16,48.74,138.55,0.83,48.07,1.0,No
Phantom Squad,Sniper,Frozen Base,Semi-Final,18,6,11,47.31,224.41,0.29,51.76,1.0,No
Team Nova,IGL,Frozen Base,Final,14,5,14,61.43,220.01,0.11,48.62,0.9,No
Team Alpha,Entry Fragger,Desert Storm,Playoff,16,8,12,46.48,191.69,0.68,44.44,0.87,No
Team Nova,Sniper,Dust Arena,Qualifier,19,10,17,44.06,218.41,0.25,50.53,0.82,No
Titan Esports,Sniper,Frozen Base,Semi-Final,12,9,6,35.82,203.16,0.48,40.11,0.89,No
CyberX,Flex,Skyline,Final,22,5,13,58.58,225.17,0.24,62.89,1.0,Yes
Team Nova,Support,Frozen Base,Qualifier,11,10,11,51.16,223.78,0.28,43.78,0.88,No
Red Vortex,Sniper,Skyline,Final,10,8,13,39.05,213.13,0.45,30.02,0.72,No
Phantom Squad,Flex,Frozen Base,Group Stage,16,14,14,33.67,206.06,0.59,42.94,1.0,No
Red Vortex,Sniper,Dust Arena,Semi-Final,16,8,19,45.3,248.06,0.56,38.05,0.86,No
Titan Esports,Entry Fragger,Desert Storm,Qualifier,10,9,7,39.42,206.31,0.66,35.11,0.54,No
Titan Esports,Flex,Skyline,Qualifier,12,5,12,47.25,178.12,0.6,34.62,0.86,No
Team Nova,IGL,Neon City,Semi-Final,13,8,7,47.43,262.07,0.5,45.72,0.97,No
Titan Esports,IGL,Skyline,Semi-Final,19,7,12,46.33,186.05,0.63,49.87,0.99,No
Red Vortex,Sniper,Desert Storm,Final,17,14,12,54.14,218.57,0.32,59.87,1.0,No
CyberX,IGL,Neon City,Semi-Final,14,7,8,48.76,231.48,0.41,47.28,1.0,No
Red Vortex,Entry Fragger,Desert Storm,Semi-Final,21,8,5,52.48,209.95,0.19,69.34,1.0,Yes
Team Nova,Flex,Dust Arena,Final,16,5,8,25.29,223.9,0.64,35.24,0.72,No
Team Nova,Support,Frozen Base,Qualifier,19,9,8,45.49,234.59,0.16,60.15,1.0,Yes
Phantom Squad,Sniper,Neon City,Playoff,15,13,6,56.35,177.68,0.5,60.17,1.0,Yes
Team Alpha,Sniper,Skyline,Semi-Final,16,7,6,46.11,236.58,0.39,52.16,1.0,No
Red Vortex,Entry Fragger,Dust Arena,Semi-Final,10,8,7,48.17,233.49,0.67,38.38,0.87,No
Phantom Squad,IGL,Frozen Base,Final,11,8,3,33.76,155.59,0.28,41.08,1.0,No
Team Alpha,Entry Fragger,Dust Arena,Group Stage,19,5,12,46.2,236.86,0.81,46.0,0.92,No
CyberX,Sniper,Frozen Base,Group Stage,15,3,8,40.29,223.99,0.7,38.14,0.78,No
Titan Esports,Flex,Skyline,Final,14,7,16,34.9,254.71,0.47,31.75,0.59,No
CyberX,Flex,Frozen Base,Playoff,9,6,10,54.23,214.94,0.1,40.11,0.89,No
Phantom Squad,Flex,Neon City,Qualifier,18,7,8,53.7,201.27,0.47,57.15,0.98,No
Red Vortex,Entry Fragger,Neon City,Group Stage,9,6,13,30.5,234.56,0.37,22.55,0.88,No
Team Nova,Entry Fragger,Skyline,Semi-Final,18,15,6,43.92,229.37,0.01,66.86,1.0,Yes
Titan Esports,Sniper,Neon City,Qualifier,18,7,9,32.65,202.66,0.8,42.33,0.93,No
Red Vortex,IGL,Desert Storm,Group Stage,11,4,11,38.59,233.16,0.93,25.0,0.84,No
Phantom Squad,Support,Neon City,Semi-Final,16,9,6,34.72,168.7,0.92,43.16,0.87,No
CyberX,Sniper,Frozen Base,Final,18,6,6,43.39,267.88,0.6,51.7,0.95,No
Red Vortex,Support,Skyline,Final,16,12,12,44.02,215.82,0.11,52.91,0.91,No
Phantom Squad,Sniper,Neon City,Semi-Final,19,9,16,38.38,237.6,0.98,40.39,0.79,No
Titan Esports,Support,Desert Storm,Final,14,6,15,30.73,265.91,0.66,27.77,0.87,No
CyberX,Entry Fragger,Frozen Base,Qualifier,13,12,8,41.07,248.67,0.31,47.43,1.0,No
Team Alpha,IGL,Desert Storm,Playoff,7,7,7,69.02,267.08,0.71,41.41,0.86,No
CyberX,Flex,Neon City,Group Stage,26,5,6,44.79,246.45,0.92,64.19,1.0,Yes
Red Vortex,Entry Fragger,Dust Arena,Playoff,18,5,17,53.13,176.04,0.2,48.56,0.93,No
Titan Esports,Entry Fragger,Frozen Base,Qualifier,14,6,12,40.14,194.21,0.93,32.77,0.86,No
Team Nova,IGL,Frozen Base,Playoff,14,17,6,46.7,179.23,0.24,59.95,1.0,No
Team Alpha,Entry Fragger,Desert Storm,Qualifier,13,7,12,54.32,204.11,0.04,47.76,1.0,No
Phantom Squad,Support,Neon City,Group Stage,12,6,8,55.4,223.08,0.54,44.3,0.93,No
CyberX,Entry Fragger,Neon City,Qualifier,7,11,15,54.09,197.41,0.45,32.55,0.78,No
CyberX,Entry Fragger,Frozen Base,Final,11,8,14,42.52,228.62,0.83,28.96,0.89,No
Phantom Squad,Flex,Frozen Base,Qualifier,15,8,6,60.15,235.65,0.31,58.98,0.89,No
CyberX,Flex,Dust Arena,Qualifier,17,8,6,49.93,224.92,0.36,57.37,1.0,No
Red Vortex,Entry Fragger,Desert Storm,Qualifier,10,10,12,61.86,175.6,0.17,47.23,1.0,No
Titan Esports,Sniper,Desert Storm,Final,21,13,14,53.94,227.32,0.47,63.27,1.0,Yes
CyberX,Support,Dust Arena,Semi-Final,21,8,11,55.6,226.91,0.62,60.6,1.0,Yes
Phantom Squad,Entry Fragger,Skyline,Final,9,11,9,45.44,182.2,0.98,32.92,0.8,No
Red Vortex,Entry Fragger,Skyline,Semi-Final,15,9,11,38.29,207.14,0.25,44.64,1.0,No
Team Nova,Sniper,Frozen Base,Group Stage,19,6,10,37.6,223.2,0.68,46.0,1.0,No
CyberX,IGL,Desert Storm,Group Stage,9,6,8,52.63,264.67,0.61,36.21,0.98,No
Team Alpha,Entry Fragger,Skyline,Group Stage,22,8,14,41.96,278.71,0.07,58.28,0.98,No
CyberX,Entry Fragger,Neon City,Playoff,14,9,13,40.78,193.75,0.23,42.09,1.0,No
Team Nova,Support,Frozen Base,Group Stage,16,12,12,59.47,245.12,0.59,55.84,1.0,No
CyberX,Support,Desert Storm,Final,9,9,7,40.14,216.94,0.13,38.77,0.68,No
CyberX,Entry Fragger,Dust Arena,Group Stage,22,7,7,43.15,265.74,0.73,58.28,1.0,No
Team Alpha,Entry Fragger,Frozen Base,Semi-Final,16,8,7,41.43,212.04,0.39,49.82,0.96,No
Red Vortex,Flex,Frozen Base,Final,25,9,9,59.45,226.87,0.38,75.92,1.0,Yes
CyberX,Support,Dust Arena,Group Stage,15,8,12,47.01,228.77,0.42,45.3,0.78,No
Red Vortex,Entry Fragger,Skyline,Semi-Final,21,10,9,43.43,260.45,0.88,55.92,0.96,No
Team Alpha,Support,Desert Storm,Playoff,18,12,4,42.04,199.39,0.26,62.42,1.0,Yes
Red Vortex,Entry Fragger,Skyline,Final,27,17,7,52.92,168.45,0.31,87.36,1.0,Yes
Team Alpha,Flex,Dust Arena,Qualifier,15,9,9,26.33,229.52,0.56,37.56,0.9,No
Red Vortex,Sniper,Neon City,Playoff,16,9,14,47.33,214.22,0.61,44.56,1.0,No
CyberX,IGL,Frozen Base,Group Stage,18,12,15,55.2,266.62,0.21,58.5,1.0,No
Phantom Squad,Sniper,Dust Arena,Playoff,20,8,12,42.2,181.2,0.45,52.6,1.0,No
Phantom Squad,Support,Desert Storm,Playoff,15,7,6,40.24,201.26,0.23,48.82,0.92,No
Team Alpha,IGL,Dust Arena,Semi-Final,12,5,10,41.95,249.23,0.87,31.28,0.84,No
Titan Esports,IGL,Neon City,Qualifier,7,9,10,36.47,236.48,0.11,30.13,0.74,No
Phantom Squad,Entry Fragger,Neon City,Playoff,15,9,9,43.04,215.45,0.51,46.42,0.95,No
Phantom Squad,Flex,Neon City,Group Stage,15,11,11,49.59,193.33,0.71,47.7,0.95,No
Titan Esports,Entry Fragger,Desert Storm,Group Stage,19,10,11,27.59,248.3,0.66,44.2,0.89,No
Team Alpha,Entry Fragger,Neon City,Qualifier,18,10,7,40.99,217.78,0.45,55.0,1.0,No
Phantom Squad,Flex,Skyline,Final,15,9,10,42.97,244.89,0.75,42.98,0.96,No
Team Alpha,Sniper,Desert Storm,Qualifier,7,11,13,48.67,263.44,0.44,31.94,1.0,No
Team Alpha,Support,Neon City,Qualifier,12,8,8,48.83,241.95,0.75,40.91,1.0,No
Team Nova,Flex,Skyline,Semi-Final,15,8,9,37.29,257.53,0.07,46.94,0.87,No
Phantom Squad,Sniper,Neon City,Final,15,6,10,40.57,195.5,0.14,44.88,0.92,No
Phantom Squad,Flex,Frozen Base,Final,15,9,8,52.5,204.08,0.4,53.25,0.94,No
CyberX,Sniper,Frozen Base,Qualifier,18,4,8,25.34,260.51,0.39,40.77,0.81,No
Phantom Squad,IGL,Neon City,Playoff,11,10,5,50.78,163.57,0.18,50.59,1.0,No
Team Alpha,Support,Dust Arena,Playoff,10,5,9,51.37,266.16,0.16,40.09,1.0,No
CyberX,Sniper,Dust Arena,Semi-Final,11,7,11,27.77,204.38,0.41,27.78,0.73,No
Team Alpha,Entry Fragger,Frozen Base,Playoff,5,15,2,43.17,204.38,0.62,38.38,0.87,No
Team Alpha,Support,Neon City,Playoff,11,9,11,37.12,219.69,0.1,37.56,0.87,No
Team Nova,Support,Frozen Base,Semi-Final,14,8,7,52.09,225.9,0.03,54.75,1.0,No
Team Alpha,IGL,Skyline,Qualifier,12,9,8,56.53,257.69,0.21,51.16,0.98,No
Red Vortex,Sniper,Frozen Base,Qualifier,10,9,15,54.38,191.75,0.03,40.89,1.0,No
Titan Esports,Support,Neon City,Group Stage,16,10,6,41.62,170.74,0.6,50.81,0.94,No
Team Alpha,Sniper,Dust Arena,Semi-Final,20,9,10,44.25,194.22,0.28,58.33,0.93,No
Team Alpha,Flex,Desert Storm,Qualifier,14,13,12,34.31,220.18,0.43,41.86,0.82,No
Team Alpha,Support,Frozen Base,Final,15,5,11,42.8,231.38,0.2,43.4,1.0,No
Titan Esports,Entry Fragger,Neon City,Qualifier,15,9,10,39.36,215.57,0.66,42.08,1.0,No
Titan Esports,Sniper,Dust Arena,Semi-Final,15,7,14,51.38,285.11,0.88,39.89,0.88,No
Team Nova,Flex,Frozen Base,Group Stage,20,5,13,38.3,201.99,0.35,47.65,1.0,No
Red Vortex,Entry Fragger,Skyline,Playoff,13,7,11,44.37,224.27,0.39,40.29,0.82,No
Team Alpha,Sniper,Desert Storm,Group Stage,15,12,11,52.39,249.13,0.1,56.2,1.0,No
CyberX,IGL,Desert Storm,Final,16,4,6,41.12,168.75,0.68,43.76,0.97,No
CyberX,IGL,Desert Storm,Final,10,8,12,41.04,211.83,0.53,31.22,0.89,No
Team Alpha,Flex,Dust Arena,Qualifier,18,8,10,47.37,220.53,0.53,52.39,0.97,No
Team Nova,Support,Frozen Base,Final,11,8,15,50.79,145.31,0.8,32.39,0.83,No
Titan Esports,Support,Dust Arena,Semi-Final,15,7,6,44.65,182.75,0.15,51.83,1.0,No
Phantom Squad,IGL,Dust Arena,Final,13,7,12,51.79,174.63,0.77,39.19,0.73,No
Red Vortex,Sniper,Desert Storm,Qualifier,20,10,16,25.64,265.26,0.23,44.52,1.0,No
Titan Esports,Flex,Desert Storm,Semi-Final,14,16,11,41.92,187.96,0.42,49.76,0.91,No
Phantom Squad,Flex,Skyline,Final,19,10,6,50.62,212.49,0.23,65.01,1.0,Yes
Titan Esports,Entry Fragger,Dust Arena,Playoff,15,11,7,44.45,227.96,0.23,53.93,1.0,No
Phantom Squad,Support,Desert Storm,Semi-Final,17,5,10,47.76,242.41,0.07,52.18,1.0,No
CyberX,Sniper,Desert Storm,Qualifier,14,3,10,31.08,162.6,0.38,32.74,1.0,No
Phantom Squad,Entry Fragger,Skyline,Qualifier,12,8,11,25.56,217.56,0.61,27.68,0.8,No
Red Vortex,Flex,Frozen Base,Final,19,4,9,38.89,215.73,0.75,44.95,0.86,No
Team Alpha,Sniper,Neon City,Qualifier,20,7,16,59.28,204.46,0.61,54.54,0.91,No
Titan Esports,Sniper,Frozen Base,Final,13,6,8,31.16,239.72,0.02,39.38,0.92,No
CyberX,Flex,Dust Arena,Qualifier,11,7,5,53.56,213.33,0.03,50.48,1.0,No
Titan Esports,Support,Frozen Base,Playoff,16,3,9,28.95,240.47,0.03,40.18,1.0,No
Team Alpha,Entry Fragger,Desert Storm,Semi-Final,12,11,10,34.54,180.52,0.34,38.87,0.79,No
Red Vortex,Entry Fragger,Neon City,Qualifier,11,9,8,41.15,190.73,0.55,38.08,0.92,No
CyberX,Flex,Desert Storm,Final,20,4,10,38.57,237.03,0.48,48.48,0.93,No
Phantom Squad,Sniper,Neon City,Final,19,9,15,50.44,171.24,0.48,52.42,0.99,No
Team Nova,Entry Fragger,Skyline,Group Stage,16,4,9,37.95,194.17,0.52,40.77,1.0,No
Red Vortex,Flex,Skyline,Group Stage,18,5,11,38.97,258.28,0.75,41.98,0.88,No
Team Nova,Entry Fragger,Frozen Base,Playoff,13,2,8,48.0,229.19,0.99,34.1,0.76,No
Phantom Squad,Entry Fragger,Dust Arena,Qualifier,21,8,9,50.99,185.9,0.83,58.2,1.0,No
Phantom Squad,Flex,Frozen Base,Group Stage,11,12,8,40.5,258.54,0.3,43.25,0.91,No
Titan Esports,Support,Frozen Base,Group Stage,23,5,10,45.32,212.7,0.14,62.26,1.0,Yes
CyberX,IGL,Frozen Base,Group Stage,15,11,10,42.89,195.39,0.78,44.64,0.96,No
Team Nova,IGL,Dust Arena,Qualifier,19,4,10,46.86,233.13,0.13,54.13,1.0,No
Team Nova,Flex,Dust Arena,Group Stage,18,8,10,43.44,163.74,0.46,51.12,0.85,No
Red Vortex,Support,Frozen Base,Semi-Final,9,6,10,29.86,233.16,0.99,19.03,0.56,No
Titan Esports,IGL,Frozen Base,Final,9,7,17,50.43,266.96,0.71,26.12,0.82,No
CyberX,Support,Dust Arena,Group Stage,22,6,2,55.64,242.16,0.47,71.12,1.0,Yes
Team Nova,IGL,Skyline,Qualifier,13,8,10,47.58,222.3,0.57,42.09,0.93,No
Phantom Squad,Flex,Frozen Base,Qualifier,17,5,11,39.14,196.83,0.63,41.27,0.9,No
Titan Esports,Entry Fragger,Dust Arena,Playoff,15,11,15,39.65,240.24,0.99,35.93,0.88,No
Team Nova,Flex,Dust Arena,Final,16,11,13,66.42,238.88,0.76,55.61,1.0,No
Titan Esports,Flex,Neon City,Semi-Final,8,6,11,56.84,219.75,0.42,35.22,0.94,No
CyberX,IGL,Desert Storm,Group Stage,16,9,7,41.0,204.22,0.22,52.3,0.99,No
Team Alpha,Flex,Frozen Base,Semi-Final,13,11,5,44.48,199.99,0.84,45.84,0.81,No
Team Alpha,Support,Neon City,Semi-Final,10,6,10,39.37,192.13,0.12,34.48,0.93,No
Red Vortex,Entry Fragger,Dust Arena,Semi-Final,14,6,14,50.39,221.92,0.53,39.89,1.0,No
CyberX,Flex,Frozen Base,Qualifier,12,8,11,65.91,253.21,0.55,48.45,1.0,No
Team Nova,Sniper,Neon City,Group Stage,12,12,15,44.83,221.16,0.52,38.21,0.99,No
Phantom Squad,Support,Skyline,Semi-Final,13,8,16,33.71,244.66,0.65,28.36,0.67,No
Team Alpha,Sniper,Desert Storm,Playoff,12,8,8,52.8,234.45,0.88,41.6,0.99,No
Red Vortex,Flex,Dust Arena,Group Stage,16,12,6,39.49,209.89,0.82,49.55,0.78,No
Phantom Squad,Sniper,Desert Storm,Qualifier,15,5,9,44.84,191.77,0.86,39.82,0.89,No
Titan Esports,Sniper,Skyline,Qualifier,11,8,14,34.11,268.42,0.67,26.36,0.7,No
CyberX,Flex,Desert Storm,Group Stage,9,9,8,39.27,236.66,0.62,32.44,0.88,No
Team Alpha,Support,Desert Storm,Group Stage,11,6,9,41.22,174.75,0.14,38.21,0.97,No
CyberX,Support,Skyline,Semi-Final,19,7,10,44.82,145.38,0.97,47.71,0.93,No
Team Alpha,Support,Frozen Base,Final,19,5,9,45.05,267.29,0.79,48.62,1.0,No
Phantom Squad,Sniper,Frozen Base,Semi-Final,15,8,3,48.55,241.59,0.71,52.17,0.82,No
Titan Esports,Support,Skyline,Qualifier,20,5,13,54.13,248.66,0.05,58.56,1.0,No
Phantom Squad,IGL,Frozen Base,Final,7,5,6,45.83,233.48,0.22,33.71,0.88,No
Team Alpha,Flex,Dust Arena,Final,17,6,13,37.07,224.72,0.99,35.63,0.56,No
Team Nova,Sniper,Skyline,Final,14,10,12,40.03,183.48,0.63,39.72,0.97,No
Team Nova,Support,Dust Arena,Group Stage,14,8,7,52.74,182.13,0.96,45.77,0.98,No
Titan Esports,Support,Neon City,Playoff,22,7,18,35.94,235.29,0.1,49.97,1.0,No
Titan Esports,IGL,Dust Arena,Final,19,7,11,41.88,193.5,0.2,52.94,1.0,No
Team Alpha,Entry Fragger,Dust Arena,Playoff,16,8,16,51.35,259.26,0.53,44.38,0.86,No
CyberX,Flex,Frozen Base,Group Stage,14,9,13,56.35,194.5,0.61,46.07,0.86,No
Team Alpha,Flex,Dust Arena,Qualifier,16,6,14,47.07,231.57,0.86,38.93,0.84,No
Titan Esports,IGL,Dust Arena,Group Stage,15,4,11,50.68,211.97,0.95,38.84,0.84,No
Red Vortex,IGL,Desert Storm,Qualifier,16,6,11,42.24,230.25,0.61,42.02,0.8,No
CyberX,Flex,Neon City,Group Stage,9,7,11,55.48,258.56,0.25,39.24,0.82,No
CyberX,Entry Fragger,Dust Arena,Semi-Final,12,7,14,34.31,242.8,0.29,31.26,0.85,No
Team Alpha,Flex,Skyline,Group Stage,10,7,13,54.92,207.63,0.22,39.26,0.87,No
Team Nova,Support,Dust Arena,Group Stage,14,7,8,35.79,163.29,0.41,40.79,0.74,No
CyberX,Entry Fragger,Neon City,Playoff,21,6,6,37.23,234.39,0.6,54.61,1.0,No
Titan Esports,Support,Desert Storm,Final,17,3,15,50.27,258.03,0.65,40.64,1.0,No
Team Nova,Entry Fragger,Frozen Base,Final,16,3,10,48.38,229.23,0.37,45.49,1.0,No
Team Alpha,Entry Fragger,Neon City,Playoff,19,11,13,38.98,184.83,0.09,54.59,1.0,No
Team Nova,IGL,Dust Arena,Playoff,15,10,8,50.94,230.68,0.12,56.27,1.0,No
Phantom Squad,IGL,Dust Arena,Final,21,6,12,42.81,250.86,0.99,47.51,0.91,No
Titan Esports,Sniper,Dust Arena,Final,17,10,9,40.85,253.66,0.65,48.92,1.0,No
Team Alpha,Support,Dust Arena,Semi-Final,8,7,13,34.12,226.93,0.18,25.26,0.84,No
Team Nova,Flex,Frozen Base,Final,17,7,9,52.75,172.91,0.06,57.77,1.0,No
Phantom Squad,Flex,Neon City,Final,17,7,7,48.61,244.88,0.26,55.7,1.0,No
Titan Esports,Flex,Desert Storm,Final,15,6,13,59.84,185.5,0.09,52.02,1.0,No
Red Vortex,Flex,Dust Arena,Qualifier,24,9,11,57.74,224.46,0.7,67.87,1.0,Yes
Titan Esports,Support,Desert Storm,Qualifier,12,6,11,53.64,242.18,0.19,43.92,1.0,No
Red Vortex,IGL,Dust Arena,Qualifier,12,5,9,46.87,242.74,0.33,40.14,1.0,No
Titan Esports,Entry Fragger,Frozen Base,Playoff,6,12,14,37.99,271.78,0.97,19.3,0.66,No
CyberX,Entry Fragger,Desert Storm,Playoff,13,8,9,35.03,235.4,0.62,36.31,0.84,No
Team Alpha,IGL,Dust Arena,Qualifier,14,14,10,42.46,217.31,0.16,51.63,0.85,No
Team Nova,IGL,Frozen Base,Final,12,9,5,34.94,231.17,0.57,39.77,0.88,No
Team Alpha,Entry Fragger,Desert Storm,Group Stage,8,12,10,48.19,168.28,0.66,35.49,0.91,No
Team Nova,Sniper,Frozen Base,Semi-Final,12,3,14,45.86,216.5,0.18,34.13,0.83,No
Phantom Squad,Flex,Skyline,Playoff,12,8,5,47.29,285.95,0.24,48.24,0.93,No
Team Alpha,Flex,Frozen Base,Semi-Final,12,11,8,47.88,242.52,0.33,47.64,0.93,No
Titan Esports,Entry Fragger,Frozen Base,Semi-Final,19,9,10,37.62,203.75,0.81,47.71,0.93,No
Phantom Squad,Flex,Neon City,Qualifier,15,7,6,40.47,242.33,0.64,44.84,0.87,No
Team Nova,IGL,Neon City,Playoff,16,11,9,39.57,200.46,0.32,50.58,1.0,No
Team Nova,IGL,Frozen Base,Final,11,6,5,42.46,190.19,0.1,43.23,0.81,No
Team Alpha,Support,Skyline,Playoff,18,4,13,38.92,234.63,0.87,37.76,0.91,No
Team Nova,Entry Fragger,Skyline,Group Stage,13,7,9,46.99,191.75,0.48,42.7,0.87,No
Red Vortex,Flex,Dust Arena,Final,10,13,8,22.61,236.13,0.31,33.2,0.87,No
Red Vortex,Entry Fragger,Desert Storm,Semi-Final,21,8,7,45.75,241.58,0.97,56.17,1.0,No
Team Alpha,Flex,Skyline,Qualifier,14,8,16,49.31,186.37,0.72,37.45,0.8,No
Team Nova,IGL,Neon City,Semi-Final,20,13,13,56.18,249.1,0.13,66.79,1.0,Yes
Phantom Squad,Support,Neon City,Qualifier,19,10,14,49.29,232.43,0.99,48.74,0.92,No
CyberX,IGL,Dust Arena,Semi-Final,26,9,17,34.48,260.05,0.08,60.44,1.0,Yes
CyberX,Support,Neon City,Playoff,18,8,10,48.47,192.8,0.99,48.34,0.89,No
Team Alpha,Support,Desert Storm,Semi-Final,12,10,4,63.06,225.35,0.35,58.03,0.95,No
CyberX,IGL,Desert Storm,Qualifier,19,12,8,44.13,247.92,0.3,61.06,1.0,Yes
Team Alpha,Entry Fragger,Desert Storm,Final,13,8,6,42.54,235.88,0.84,40.87,0.92,No
Team Nova,IGL,Neon City,Group Stage,18,10,16,52.95,254.79,0.98,46.67,1.0,No
Phantom Squad,Entry Fragger,Skyline,Qualifier,13,8,12,46.46,155.82,0.88,36.43,0.87,No
Phantom Squad,Support,Neon City,Playoff,16,10,5,47.92,186.67,0.79,53.06,0.91,No
Team Alpha,Sniper,Neon City,Playoff,10,5,9,54.08,234.41,0.79,35.14,1.0,No
Phantom Squad,IGL,Neon City,Qualifier,14,7,8,41.46,253.76,0.07,47.03,0.95,No
Red Vortex,Entry Fragger,Desert Storm,Group Stage,21,8,6,52.21,194.57,0.5,65.11,1.0,Yes
Phantom Squad,Entry Fragger,Skyline,Group Stage,14,8,19,48.61,190.76,0.02,41.1,1.0,No
Red Vortex,IGL,Desert Storm,Qualifier,14,5,8,43.38,200.32,0.91,37.59,0.78,No
Titan Esports,IGL,Skyline,Qualifier,21,9,13,46.74,272.76,0.39,57.47,1.0,No
Titan Esports,Flex,Neon City,Semi-Final,23,13,12,49.46,241.54,0.79,63.83,1.0,Yes
Red Vortex,IGL,Frozen Base,Qualifier,16,5,8,40.28,220.69,0.42,44.94,0.86,No
Team Nova,Entry Fragger,Neon City,Final,19,8,4,42.97,199.46,0.36,59.88,1.0,No
Red Vortex,Sniper,Frozen Base,Final,6,9,10,39.61,216.4,0.86,22.2,0.76,No
Phantom Squad,IGL,Desert Storm,Group Stage,10,13,8,49.6,243.0,0.58,44.0,1.0,No
Phantom Squad,IGL,Neon City,Group Stage,17,5,13,52.02,198.71,0.05,51.51,1.0,No
Titan Esports,Flex,Dust Arena,Final,16,9,9,46.76,198.59,0.3,52.38,1.0,No
Phantom Squad,Flex,Frozen Base,Group Stage,15,6,12,45.46,296.07,0.97,37.03,0.87,No
Team Nova,Entry Fragger,Skyline,Final,16,14,10,36.63,234.47,0.57,48.61,1.0,No
Titan Esports,Support,Desert Storm,Playoff,15,11,8,34.04,260.93,0.53,44.72,0.83,No
Phantom Squad,Flex,Desert Storm,Qualifier,22,6,10,58.96,194.49,0.64,63.08,1.0,Yes
Team Nova,Entry Fragger,Skyline,Playoff,12,9,16,56.18,164.25,0.11,43.99,1.0,No
Team Nova,IGL,Frozen Base,Semi-Final,9,5,7,33.74,218.6,0.77,25.17,0.85,No
Titan Esports,Entry Fragger,Desert Storm,Playoff,21,7,9,39.71,253.73,0.67,53.16,1.0,No
Phantom Squad,Flex,Skyline,Semi-Final,15,9,9,40.31,205.6,0.21,48.05,0.79,No
Red Vortex,IGL,Desert Storm,Final,18,6,9,56.81,267.17,0.56,55.8,1.0,No
Team Nova,Entry Fragger,Frozen Base,Final,14,6,9,48.76,206.28,0.54,43.98,0.98,No
Phantom Squad,Sniper,Frozen Base,Semi-Final,20,11,3,49.96,193.95,0.95,63.48,1.0,Yes
Titan Esports,Support,Frozen Base,Group Stage,19,6,11,55.36,187.0,0.63,54.38,1.0,No
CyberX,IGL,Skyline,Final,8,9,6,62.74,240.26,0.45,45.87,0.92,No
CyberX,IGL,Dust Arena,Semi-Final,17,8,11,61.4,228.64,0.85,53.2,0.94,No
Team Alpha,Flex,Skyline,Group Stage,15,7,11,57.27,208.15,0.09,53.74,1.0,No
Team Alpha,Entry Fragger,Neon City,Playoff,16,6,7,39.28,217.62,0.12,49.44,0.87,No
Titan Esports,Flex,Desert Storm,Qualifier,9,6,13,40.75,208.47,0.76,23.77,0.63,No
CyberX,Support,Dust Arena,Semi-Final,21,7,10,40.79,251.87,0.64,52.99,1.0,No
Team Nova,Support,Dust Arena,Qualifier,12,14,12,35.19,179.62,0.01,43.49,0.9,No
Team Nova,Sniper,Frozen Base,Semi-Final,13,6,9,48.37,217.42,0.69,40.29,0.89,No
Red Vortex,Sniper,Neon City,Semi-Final,16,1,10,42.3,228.11,0.62,37.95,0.81,No
Team Nova,Sniper,Desert Storm,Semi-Final,14,5,6,35.69,185.81,1.0,34.84,0.78,No
Team Alpha,IGL,Neon City,Playoff,16,10,8,40.01,216.49,0.2,52.0,1.0,No
Red Vortex,Entry Fragger,Skyline,Qualifier,18,6,11,44.8,218.47,0.85,44.9,0.88,No
Team Nova,Entry Fragger,Dust Arena,Final,14,11,4,61.01,247.62,0.23,63.2,0.97,Yes
Titan Esports,Flex,Dust Arena,Final,5,7,8,46.08,252.93,0.28,29.24,0.72,No
Team Alpha,Entry Fragger,Dust Arena,Semi-Final,8,5,7,54.49,257.25,0.63,34.95,0.9,No
Phantom Squad,Support,Neon City,Final,9,10,7,31.54,275.43,0.19,34.87,0.8,No
Red Vortex,IGL,Neon City,Final,15,15,9,51.16,258.34,0.02,61.38,1.0,Yes
Red Vortex,Entry Fragger,Frozen Base,Group Stage,22,10,10,39.6,183.1,0.27,61.1,1.0,Yes
Phantom Squad,Flex,Frozen Base,Semi-Final,12,3,10,56.31,176.62,0.87,36.45,0.74,No
Team Alpha,IGL,Skyline,Semi-Final,19,6,10,52.9,200.21,0.52,55.25,0.92,No
Red Vortex,IGL,Neon City,Playoff,19,7,8,51.81,218.91,0.6,56.91,1.0,No
Titan Esports,Entry Fragger,Dust Arena,Group Stage,16,11,11,35.19,217.09,0.98,39.8,0.83,No
Titan Esports,Entry Fragger,Neon City,Group Stage,8,9,9,32.01,210.7,0.55,26.5,0.81,No
Titan Esports,Sniper,Dust Arena,Group Stage,9,7,13,45.08,214.07,0.12,33.34,0.75,No
Titan Esports,IGL,Desert Storm,Group Stage,19,7,9,49.14,217.31,0.53,55.27,0.92,No
Team Alpha,Flex,Neon City,Group Stage,13,7,13,48.52,197.95,0.81,36.16,0.88,No
Team Alpha,IGL,Dust Arena,Qualifier,15,11,8,50.07,157.84,0.45,53.53,1.0,No
Phantom Squad,Support,Dust Arena,Group Stage,20,9,10,43.68,178.91,0.12,59.64,0.99,No
Team Nova,Flex,Dust Arena,Group Stage,15,9,18,39.43,222.26,0.9,31.72,1.0,No
Team Alpha,Support,Frozen Base,Qualifier,14,4,9,33.63,243.47,0.91,30.71,0.84,No
Titan Esports,Sniper,Neon City,Semi-Final,12,7,7,56.06,199.16,0.28,49.23,1.0,No
CyberX,Support,Frozen Base,Qualifier,23,11,11,34.29,195.69,0.57,57.44,1.0,No
Team Alpha,Flex,Frozen Base,Group Stage,13,11,8,39.2,211.41,0.46,44.0,0.94,No
Phantom Squad,Sniper,Desert Storm,Group Stage,8,9,10,46.35,230.91,0.68,31.37,0.75,No
Team Nova,Sniper,Desert Storm,Qualifier,12,7,5,52.7,240.24,0.92,43.15,0.92,No
CyberX,Support,Neon City,Semi-Final,19,6,8,40.52,180.24,0.94,46.86,0.99,No
CyberX,Entry Fragger,Neon City,Playoff,12,6,17,35.66,225.06,0.45,26.33,0.62,No
Phantom Squad,Entry Fragger,Frozen Base,Final,19,10,6,56.99,233.03,0.87,61.8,1.0,Yes
Titan Esports,IGL,Skyline,Playoff,13,12,13,39.52,247.06,0.76,37.16,0.87,No
Team Nova,Flex,Skyline,Qualifier,14,8,14,39.51,185.93,0.63,35.45,0.81,No
Team Nova,Support,Frozen Base,Playoff,17,9,17,46.73,198.65,0.24,46.96,0.85,No
Titan Esports,Entry Fragger,Skyline,Group Stage,15,8,16,56.19,228.48,0.64,43.7,0.87,No
Titan Esports,Flex,Desert Storm,Playoff,7,5,14,39.24,226.47,0.15,23.12,0.73,No
Phantom Squad,Sniper,Desert Storm,Semi-Final,16,12,7,42.29,206.33,0.08,57.34,0.97,No
Team Nova,Sniper,Dust Arena,Final,18,8,8,45.54,209.48,0.16,57.17,1.0,No
Red Vortex,Support,Skyline,Semi-Final,10,7,7,35.73,191.72,0.02,37.66,0.9,No
Red Vortex,Entry Fragger,Dust Arena,Semi-Final,12,8,13,47.74,221.27,0.37,39.17,0.85,No
Team Alpha,IGL,Desert Storm,Semi-Final,14,4,10,48.15,168.61,0.52,40.88,1.0,No
Phantom Squad,Sniper,Neon City,Playoff,24,9,14,34.61,261.07,0.08,59.51,0.97,No
Titan Esports,Flex,Desert Storm,Playoff,12,7,11,50.06,173.97,0.52,39.83,0.82,No
Phantom Squad,IGL,Frozen Base,Semi-Final,12,10,6,44.07,258.59,0.81,41.93,0.85,No
Team Alpha,Flex,Desert Storm,Semi-Final,14,9,8,59.6,188.74,0.92,49.6,1.0,No
Red Vortex,IGL,Dust Arena,Playoff,10,10,13,47.73,239.22,0.51,35.76,0.79,No
Phantom Squad,Support,Frozen Base,Group Stage,12,10,13,48.93,257.23,0.29,42.57,0.82,No
Team Nova,Flex,Desert Storm,Playoff,12,8,6,40.85,261.6,0.46,41.82,0.86,No
Phantom Squad,Flex,Desert Storm,Qualifier,8,9,11,58.58,221.78,0.5,38.29,0.89,No
Red Vortex,Sniper,Desert Storm,Playoff,15,10,7,38.8,247.79,0.1,51.4,0.96,No
Phantom Squad,Flex,Frozen Base,Playoff,21,8,13,40.1,193.69,0.51,51.95,1.0,No
Phantom Squad,Flex,Skyline,Semi-Final,4,7,6,42.24,210.29,0.49,25.22,0.67,No
Titan Esports,Entry Fragger,Desert Storm,Qualifier,14,10,15,50.69,247.4,0.27,45.64,0.95,No
Titan Esports,Support,Skyline,Group Stage,13,11,9,45.67,223.21,0.13,49.54,1.0,No
Team Nova,Sniper,Desert Storm,Playoff,15,10,12,49.33,204.46,0.49,47.77,0.86,No
CyberX,Support,Skyline,Group Stage,11,8,12,46.81,226.47,0.18,39.61,0.82,No
Team Alpha,Sniper,Frozen Base,Group Stage,13,9,9,48.41,212.67,0.39,46.3,0.89,No
Team Nova,IGL,Frozen Base,Playoff,17,8,11,48.44,201.54,0.12,54.02,1.0,No
Red Vortex,Support,Dust Arena,Group Stage,18,9,12,31.16,199.91,0.32,45.38,1.0,No
Team Nova,Entry Fragger,Frozen Base,Final,18,10,13,52.4,217.96,0.51,54.1,1.0,No
Titan Esports,Flex,Dust Arena,Qualifier,11,3,7,52.28,238.47,0.62,37.94,0.71,No
Phantom Squad,IGL,Desert Storm,Playoff,17,10,7,58.02,230.79,0.22,63.81,1.0,Yes
Red Vortex,Sniper,Frozen Base,Final,14,5,9,30.79,227.67,0.87,30.69,0.73,No
Phantom Squad,Sniper,Neon City,Group Stage,9,10,5,55.51,263.99,0.49,45.85,0.87,No
Phantom Squad,Entry Fragger,Desert Storm,Group Stage,18,12,10,40.11,193.38,0.85,49.55,1.0,No
Titan Esports,Flex,Neon City,Playoff,12,11,14,44.24,220.9,0.03,42.82,0.96,No
Phantom Squad,Entry Fragger,Dust Arena,Final,15,7,11,49.57,232.47,0.66,44.18,0.94,No
Red Vortex,Sniper,Dust Arena,Playoff,14,6,10,36.44,208.19,0.69,35.32,0.82,No
Team Alpha,IGL,Frozen Base,Playoff,12,7,12,62.72,234.91,0.73,43.06,0.91,No
Phantom Squad,Entry Fragger,Skyline,Playoff,25,6,11,42.95,242.44,0.03,66.17,1.0,Yes
Titan Esports,Flex,Frozen Base,Semi-Final,12,9,9,37.14,224.54,0.93,33.27,0.91,No
Team Alpha,Entry Fragger,Desert Storm,Group Stage,19,6,10,45.73,211.15,0.32,53.66,0.96,No
Red Vortex,Sniper,Skyline,Qualifier,19,11,16,42.38,235.74,0.08,53.39,1.0,No
Team Nova,Support,Neon City,Playoff,16,7,9,48.8,214.23,0.08,53.6,1.0,No
Phantom Squad,IGL,Desert Storm,Playoff,15,7,11,37.95,212.94,0.97,35.28,0.9,No
Phantom Squad,Sniper,Desert Storm,Group Stage,9,6,5,36.21,205.15,0.87,28.41,0.76,No
Titan Esports,Support,Neon City,Semi-Final,8,3,11,51.08,286.31,0.17,31.84,0.77,No
Red Vortex,Entry Fragger,Dust Arena,Semi-Final,16,12,10,52.4,233.07,0.9,51.2,0.99,No
CyberX,Entry Fragger,Dust Arena,Semi-Final,19,8,6,42.73,240.12,0.99,51.46,1.0,No
CyberX,Support,Dust Arena,Playoff,12,11,10,40.02,198.18,0.57,39.31,1.0,No
Team Nova,IGL,Skyline,Qualifier,6,7,7,51.8,225.67,0.15,36.4,0.91,No
Team Nova,Sniper,Desert Storm,Group Stage,20,8,11,57.34,170.37,0.96,56.07,1.0,No
Team Nova,Sniper,Desert Storm,Final,24,9,7,42.02,208.54,0.01,70.91,1.0,Yes
Red Vortex,Support,Desert Storm,Playoff,19,6,5,50.05,261.65,0.19,62.13,1.0,Yes
Team Nova,Sniper,Skyline,Final,20,7,12,45.65,199.67,0.29,54.93,1.0,No
Phantom Squad,IGL,Dust Arena,Final,18,6,9,52.75,240.82,0.77,51.67,0.98,No
Team Alpha,IGL,Dust Arena,Semi-Final,16,15,9,41.64,198.83,0.95,49.32,0.87,No
CyberX,Sniper,Dust Arena,Group Stage,18,8,14,53.93,227.64,0.62,50.77,1.0,No
Titan Esports,Support,Skyline,Final,19,10,15,28.69,246.64,0.4,43.34,0.77,No
CyberX,Flex,Dust Arena,Group Stage,14,18,7,49.76,226.42,0.34,60.48,1.0,Yes
Titan Esports,IGL,Dust Arena,Semi-Final,15,11,6,36.31,227.82,0.78,45.36,0.78,No
Titan Esports,Entry Fragger,Desert Storm,Group Stage,24,15,12,37.58,219.44,1.0,59.79,1.0,No
Team Alpha,IGL,Neon City,Semi-Final,16,6,7,58.74,191.01,0.17,58.67,1.0,No
Team Alpha,IGL,Dust Arena,Playoff,12,7,6,37.58,231.3,0.43,39.49,0.75,No
Team Nova,Flex,Dust Arena,Qualifier,13,8,14,56.54,221.22,0.76,40.67,0.78,No
Phantom Squad,Flex,Dust Arena,Group Stage,14,6,11,35.63,211.87,0.72,33.61,0.63,No
Red Vortex,Sniper,Desert Storm,Final,12,7,7,47.14,246.85,0.06,46.97,0.94,No
Phantom Squad,Sniper,Desert Storm,Qualifier,14,6,11,39.35,269.83,0.81,34.57,0.99,No
Team Alpha,Sniper,Dust Arena,Group Stage,12,13,11,43.37,201.4,0.19,45.79,1.0,No
Team Alpha,Entry Fragger,Dust Arena,Group Stage,25,8,12,36.52,193.0,0.59,58.36,1.0,No
Phantom Squad,Flex,Dust Arena,Semi-Final,17,5,5,38.61,271.14,0.28,50.51,1.0,No
CyberX,IGL,Skyline,Final,12,8,9,50.51,201.31,0.74,40.85,0.85,No
CyberX,IGL,Desert Storm,Group Stage,24,7,8,42.38,233.15,0.73,60.89,1.0,Yes
Red Vortex,Sniper,Frozen Base,Final,11,12,6,43.6,187.68,0.17,48.1,1.0,No
Phantom Squad,Support,Frozen Base,Final,21,9,16,53.07,241.53,0.83,53.23,1.0,No
Phantom Squad,Flex,Desert Storm,Final,15,9,9,34.99,199.77,0.91,38.4,0.77,No
Team Alpha,IGL,Dust Arena,Qualifier,15,9,9,43.22,223.84,0.94,42.21,1.0,No
Team Alpha,Entry Fragger,Frozen Base,Semi-Final,7,4,8,39.74,212.89,0.07,29.17,0.82,No
Titan Esports,IGL,Dust Arena,Semi-Final,8,4,7,46.1,215.0,0.2,34.05,0.82,No
Red Vortex,Support,Neon City,Final,15,4,12,58.01,231.02,0.01,50.9,0.99,No
Phantom Squad,IGL,Skyline,Group Stage,10,4,9,55.29,226.51,0.9,33.64,0.66,No
Phantom Squad,Support,Dust Arena,Qualifier,9,8,11,48.25,244.6,0.63,32.83,0.92,No
Team Nova,Support,Dust Arena,Playoff,15,9,6,36.72,187.15,0.33,48.06,0.87,No
Phantom Squad,IGL,Dust Arena,Qualifier,12,7,7,52.4,212.05,0.39,46.3,0.87,No
Red Vortex,Support,Desert Storm,Group Stage,19,6,13,56.91,265.81,0.0,59.45,1.0,No
Phantom Squad,Entry Fragger,Desert Storm,Playoff,11,3,15,40.44,249.55,0.28,27.42,0.84,No
CyberX,Support,Frozen Base,Qualifier,13,10,7,37.13,196.97,0.62,41.36,0.92,No
Phantom Squad,Support,Neon City,Playoff,14,6,11,38.56,182.67,0.58,36.48,0.83,No
Team Alpha,Flex,Dust Arena,Playoff,26,6,17,42.25,204.74,0.08,61.33,1.0,Yes
Team Alpha,Sniper,Desert Storm,Playoff,12,6,11,53.77,259.64,0.52,40.69,0.89,No
Phantom Squad,Flex,Desert Storm,Playoff,15,8,8,20.46,200.34,0.16,38.63,0.89,No
Phantom Squad,Flex,Dust Arena,Qualifier,14,6,7,42.32,186.0,0.24,45.76,1.0,No
Titan Esports,IGL,Neon City,Semi-Final,19,8,9,58.49,138.55,0.99,56.35,1.0,No
CyberX,Entry Fragger,Skyline,Playoff,16,12,8,50.84,190.62,0.4,57.42,1.0,No
Titan Esports,Entry Fragger,Frozen Base,Qualifier,12,4,8,59.16,261.89,0.9,40.58,0.95,No
Phantom Squad,IGL,Neon City,Qualifier,20,10,14,47.49,205.48,0.93,50.45,1.0,No
Titan Esports,Support,Frozen Base,Semi-Final,11,6,8,47.62,222.06,0.17,42.11,1.0,No
Team Alpha,Flex,Neon City,Group Stage,11,11,13,31.05,197.35,0.13,34.23,0.8,No
Team Alpha,Support,Neon City,Qualifier,12,6,9,45.47,243.88,0.5,38.73,0.86,No
Team Alpha,IGL,Frozen Base,Semi-Final,22,11,12,33.4,209.58,0.8,51.7,1.0,No
Phantom Squad,Flex,Skyline,Qualifier,10,6,5,50.66,227.52,0.83,38.03,0.88,No
Titan Esports,Support,Desert Storm,Semi-Final,25,4,12,47.32,228.29,0.66,59.06,1.0,No
Red Vortex,Sniper,Neon City,Qualifier,15,6,11,48.12,183.37,0.73,41.76,0.81,No
Red Vortex,Flex,Neon City,Final,13,4,10,41.52,282.1,0.16,39.16,0.82,No
Red Vortex,Entry Fragger,Frozen Base,Group Stage,7,7,14,57.73,251.62,0.4,31.86,0.84,No
Team Alpha,Support,Desert Storm,Final,16,10,8,55.44,211.49,0.06,61.12,1.0,Yes
Red Vortex,IGL,Frozen Base,Final,13,8,13,43.76,220.25,0.44,38.48,0.87,No
Red Vortex,Sniper,Dust Arena,Playoff,13,8,9,35.35,225.82,0.9,33.67,0.88,No
Titan Esports,Flex,Desert Storm,Semi-Final,12,6,10,37.52,246.1,0.39,34.86,0.9,No
Team Nova,Entry Fragger,Dust Arena,Final,15,10,13,47.26,155.42,0.57,44.93,1.0,No
CyberX,Flex,Frozen Base,Qualifier,17,5,8,47.34,252.36,0.48,49.87,0.97,No
Team Alpha,Entry Fragger,Frozen Base,Group Stage,15,8,12,41.59,219.39,0.62,40.59,1.0,No
Team Nova,IGL,Neon City,Group Stage,14,8,8,46.04,250.59,0.85,42.52,0.93,No
Team Alpha,Sniper,Frozen Base,Semi-Final,9,3,5,47.5,230.41,0.08,38.95,0.73,No
Phantom Squad,Entry Fragger,Neon City,Playoff,16,12,6,59.5,190.82,0.99,57.85,0.99,No
Team Alpha,Entry Fragger,Dust Arena,Final,20,9,8,45.98,221.32,0.46,59.39,1.0,No
Phantom Squad,Sniper,Frozen Base,Playoff,17,8,6,48.77,162.43,0.65,53.89,1.0,No
Phantom Squad,Flex,Dust Arena,Final,15,7,9,22.94,202.39,0.67,32.77,0.96,No
Phantom Squad,Flex,Skyline,Playoff,17,4,7,37.69,182.09,0.92,40.64,0.91,No
Titan Esports,Support,Neon City,Group Stage,13,6,12,41.37,174.2,0.15,39.19,0.74,No
Team Nova,Sniper,Dust Arena,Semi-Final,18,2,9,52.73,267.04,0.64,48.96,0.93,No
Titan Esports,IGL,Dust Arena,Playoff,17,8,10,51.96,166.46,0.0,57.98,1.0,No
CyberX,Entry Fragger,Neon City,Semi-Final,13,7,14,28.91,224.06,0.36,29.85,0.86,No
Red Vortex,IGL,Frozen Base,Semi-Final,11,3,10,43.21,161.13,0.67,29.91,0.92,No
CyberX,Sniper,Desert Storm,Final,17,9,12,36.76,202.06,0.31,46.28,0.99,No
CyberX,Support,Dust Arena,Qualifier,9,6,5,54.74,238.3,0.69,39.47,0.99,No
CyberX,Sniper,Frozen Base,Final,22,7,11,53.18,215.68,0.79,58.69,1.0,No
Titan Esports,Flex,Dust Arena,Semi-Final,10,10,8,47.4,215.22,0.92,36.5,0.91,No
Phantom Squad,Sniper,Neon City,Qualifier,15,4,11,50.82,262.27,0.46,43.81,0.97,No
Phantom Squad,Entry Fragger,Neon City,Qualifier,20,7,13,32.38,271.34,0.56,44.59,0.88,No
CyberX,Support,Desert Storm,Qualifier,20,6,9,31.88,192.07,0.2,50.94,1.0,No
Phantom Squad,Entry Fragger,Desert Storm,Final,18,10,13,40.12,227.37,0.69,46.16,1.0,No
Team Alpha,Entry Fragger,Skyline,Semi-Final,15,6,10,51.03,236.04,0.91,42.41,0.66,No
Red Vortex,Flex,Frozen Base,Playoff,19,8,11,49.14,189.33,0.13,58.27,1.0,No
Titan Esports,IGL,Desert Storm,Final,12,9,10,49.37,258.0,0.5,42.69,0.96,No
Team Nova,IGL,Skyline,Qualifier,10,7,9,49.61,242.3,0.48,38.01,0.78,No
Phantom Squad,Sniper,Frozen Base,Final,18,9,14,39.7,177.01,0.2,48.85,1.0,No
Red Vortex,Entry Fragger,Desert Storm,Semi-Final,14,8,12,61.74,205.27,0.57,49.17,1.0,No
Team Alpha,Flex,Frozen Base,Semi-Final,11,4,5,53.03,196.0,0.51,42.41,0.99,No
Red Vortex,Flex,Neon City,Qualifier,16,10,13,51.07,215.92,0.89,45.63,1.0,No
Red Vortex,Sniper,Desert Storm,Group Stage,16,4,10,26.18,215.2,0.91,29.99,0.92,No
Titan Esports,Flex,Skyline,Final,17,9,8,46.87,219.54,0.73,51.14,0.9,No
Titan Esports,Entry Fragger,Desert Storm,Qualifier,17,9,13,42.05,211.9,0.01,50.92,0.82,No
CyberX,Support,Neon City,Final,11,8,10,38.27,258.47,0.22,36.94,0.81,No
Team Nova,IGL,Skyline,Final,19,8,11,46.59,218.76,0.13,57.0,1.0,No
Red Vortex,IGL,Skyline,Group Stage,20,8,11,57.58,155.97,0.56,60.19,1.0,Yes
CyberX,Sniper,Frozen Base,Playoff,22,9,11,49.57,183.24,0.05,66.28,1.0,Yes
Team Nova,Sniper,Frozen Base,Semi-Final,16,8,12,40.39,200.23,0.82,40.0,0.88,No
Red Vortex,Support,Neon City,Final,9,9,10,52.78,261.43,0.16,41.79,0.96,No
Red Vortex,Support,Frozen Base,Group Stage,12,5,7,59.14,266.11,0.57,45.87,0.69,No
Red Vortex,Flex,Desert Storm,Final,14,5,7,47.68,262.63,0.32,46.64,1.0,No
Team Alpha,IGL,Neon City,Playoff,13,10,11,51.66,252.89,0.05,50.33,1.0,No
Red Vortex,Support,Desert Storm,Group Stage,16,10,17,40.8,192.94,0.51,40.3,0.9,No
Titan Esports,Flex,Dust Arena,Group Stage,16,8,8,44.95,193.11,0.95,44.98,1.0,No
CyberX,Sniper,Neon City,Final,17,15,13,43.36,275.51,0.7,50.68,0.9,No
CyberX,Support,Neon City,Playoff,18,9,16,45.76,267.3,0.78,44.08,0.79,No
Team Alpha,IGL,Neon City,Semi-Final,22,5,13,61.77,253.21,0.21,64.79,1.0,Yes
CyberX,Flex,Desert Storm,Playoff,15,7,8,42.42,154.64,0.9,41.21,0.88,No
Phantom Squad,IGL,Frozen Base,Semi-Final,10,8,7,54.79,218.4,0.36,44.79,0.94,No
Red Vortex,Entry Fragger,Frozen Base,Qualifier,16,9,9,60.13,213.17,0.1,61.06,1.0,Yes
Red Vortex,Entry Fragger,Desert Storm,Playoff,18,9,11,37.47,236.69,0.29,49.84,1.0,No
CyberX,IGL,Skyline,Group Stage,8,9,11,51.4,257.41,0.03,39.4,1.0,No
Phantom Squad,Sniper,Desert Storm,Qualifier,11,9,15,44.72,221.13,0.77,30.66,0.91,No
Red Vortex,IGL,Desert Storm,Semi-Final,19,7,8,44.15,180.89,0.79,51.18,1.0,No
Phantom Squad,Support,Skyline,Group Stage,20,4,7,58.87,238.94,0.23,64.14,1.0,Yes
Team Alpha,Flex,Frozen Base,Group Stage,11,5,8,54.4,225.68,0.71,39.1,0.86,No
Phantom Squad,IGL,Skyline,Group Stage,13,9,10,49.76,214.89,0.22,47.68,0.94,No
Team Nova,Sniper,Skyline,Final,14,6,10,46.89,254.37,0.93,38.14,0.84,No
Titan Esports,Entry Fragger,Skyline,Group Stage,12,12,9,69.14,219.99,0.5,56.57,1.0,No
Red Vortex,Flex,Desert Storm,Group Stage,14,10,9,51.78,238.06,0.29,51.99,1.0,No
CyberX,IGL,Frozen Base,Final,16,6,11,34.57,214.41,0.63,37.98,0.87,No
Red Vortex,IGL,Desert Storm,Group Stage,11,6,8,33.98,214.65,0.5,31.99,0.9,No
Phantom Squad,Flex,Frozen Base,Qualifier,22,9,5,45.99,245.75,0.6,65.0,1.0,Yes
CyberX,Entry Fragger,Dust Arena,Semi-Final,17,7,13,45.39,262.74,0.58,44.9,1.0,No
Phantom Squad,Sniper,Desert Storm,Playoff,17,6,8,41.39,218.94,0.08,51.9,0.93,No
CyberX,Support,Frozen Base,Group Stage,9,7,9,35.61,229.01,0.77,26.11,0.85,No
Phantom Squad,Sniper,Dust Arena,Semi-Final,17,4,10,46.8,277.78,0.96,41.8,1.0,No
Team Nova,Support,Dust Arena,Playoff,19,3,12,38.09,219.88,0.35,44.55,0.88,No
Phantom Squad,Support,Skyline,Semi-Final,17,12,14,44.49,204.29,0.25,51.75,1.0,No
Titan Esports,Entry Fragger,Frozen Base,Semi-Final,13,8,9,44.74,203.96,0.57,41.67,0.8,No
Phantom Squad,IGL,Skyline,Final,14,8,14,61.54,174.62,0.47,48.07,1.0,No
CyberX,Support,Skyline,Final,15,10,12,39.92,193.06,0.63,41.66,0.94,No
CyberX,Sniper,Frozen Base,Qualifier,13,10,12,37.51,233.83,0.79,34.85,0.95,No
Phantom Squad,Entry Fragger,Neon City,Semi-Final,9,8,9,32.8,218.86,0.56,27.8,0.94,No
CyberX,Entry Fragger,Neon City,Qualifier,12,11,8,42.9,224.94,0.89,39.55,0.89,No
Team Nova,Support,Skyline,Playoff,6,8,16,45.73,232.05,0.96,17.27,0.76,No
Team Alpha,Sniper,Desert Storm,Semi-Final,16,7,3,39.14,252.42,0.53,50.27,1.0,No
Phantom Squad,Support,Skyline,Semi-Final,9,8,8,45.69,168.31,0.84,32.45,0.72,No
CyberX,Flex,Dust Arena,Playoff,23,5,7,49.51,226.26,0.76,61.15,0.86,Yes
Titan Esports,Support,Desert Storm,Group Stage,14,4,10,40.32,184.67,0.57,36.46,0.94,No
Phantom Squad,Sniper,Skyline,Group Stage,17,6,11,46.18,249.38,0.62,45.89,1.0,No
Team Nova,Support,Desert Storm,Final,7,10,12,46.16,217.25,0.33,31.78,0.8,No
Team Alpha,IGL,Neon City,Playoff,10,8,18,42.9,255.14,0.79,23.55,0.67,No
Team Alpha,Entry Fragger,Skyline,Qualifier,18,7,10,43.79,217.01,0.91,45.79,0.93,No
Team Nova,Sniper,Neon City,Semi-Final,16,13,17,34.61,134.54,0.27,42.6,1.0,No
Team Nova,Entry Fragger,Dust Arena,Group Stage,12,12,11,46.94,226.34,0.43,44.17,0.94,No
Team Alpha,Support,Frozen Base,Qualifier,15,13,7,31.23,209.37,0.74,44.22,1.0,No
Team Alpha,Entry Fragger,Desert Storm,Qualifier,11,6,5,37.31,211.13,0.11,40.55,0.94,No
Team Nova,Entry Fragger,Neon City,Playoff,20,6,13,33.32,209.5,0.49,44.76,0.98,No
Team Alpha,IGL,Skyline,Semi-Final,22,5,7,44.56,268.64,0.33,60.98,1.0,Yes
Red Vortex,IGL,Desert Storm,Playoff,15,10,15,41.68,227.91,0.03,45.54,0.95,No
Team Alpha,Sniper,Skyline,Semi-Final,10,4,5,45.4,226.24,0.03,41.4,0.98,No
Team Alpha,Flex,Dust Arena,Playoff,13,8,11,46.34,201.42,0.49,41.27,0.71,No
CyberX,Entry Fragger,Skyline,Final,14,8,11,43.72,232.03,0.46,42.26,0.91,No
CyberX,Flex,Neon City,Group Stage,10,7,11,32.85,184.18,0.61,26.32,0.92,No
CyberX,Entry Fragger,Skyline,Final,13,8,13,55.3,232.94,0.5,43.65,0.99,No
Team Nova,Support,Frozen Base,Group Stage,17,7,6,47.74,246.68,0.97,49.17,0.96,No
Phantom Squad,Entry Fragger,Neon City,Playoff,11,6,14,47.81,244.99,0.61,31.8,0.64,No
Red Vortex,Entry Fragger,Dust Arena,Playoff,16,8,8,42.59,271.84,0.93,44.0,0.96,No
Phantom Squad,Sniper,Frozen Base,Final,16,5,9,48.12,224.73,0.98,42.26,0.98,No
Red Vortex,Entry Fragger,Neon City,Playoff,14,9,11,47.22,237.86,0.47,44.91,0.92,No
Team Alpha,Flex,Neon City,Qualifier,9,9,12,41.65,239.78,0.21,33.73,0.73,No
Team Nova,Flex,Skyline,Group Stage,16,7,7,45.28,253.24,0.65,48.14,1.0,No
Team Nova,Sniper,Frozen Base,Playoff,19,9,3,31.76,206.73,0.84,51.48,1.0,No
CyberX,IGL,Frozen Base,Final,11,9,14,60.31,203.94,0.67,40.45,0.91,No
Red Vortex,Sniper,Desert Storm,Semi-Final,13,7,13,32.9,219.66,0.85,27.95,0.71,No
Red Vortex,Sniper,Skyline,Group Stage,17,9,12,44.42,234.86,0.62,47.01,0.93,No
Team Alpha,Support,Skyline,Qualifier,20,11,11,49.02,237.84,0.81,56.41,0.89,No
Phantom Squad,Support,Frozen Base,Qualifier,16,10,7,44.73,255.76,0.81,49.26,1.0,No
Red Vortex,Sniper,Neon City,Qualifier,14,16,8,47.25,206.98,0.83,51.33,1.0,No
Team Alpha,Sniper,Neon City,Qualifier,14,11,7,45.42,263.99,0.38,50.91,0.96,No
CyberX,Sniper,Dust Arena,Qualifier,14,4,7,51.55,199.19,0.2,48.77,0.94,No
Red Vortex,IGL,Desert Storm,Semi-Final,17,9,9,55.91,237.3,0.35,58.45,0.96,No
Red Vortex,Sniper,Frozen Base,Playoff,16,5,10,49.25,258.95,0.37,47.92,0.84,No
CyberX,IGL,Desert Storm,Final,22,9,11,56.68,265.96,0.07,69.64,1.0,Yes
Red Vortex,Flex,Dust Arena,Playoff,19,7,8,37.78,196.28,0.02,55.69,1.0,No
CyberX,Flex,Desert Storm,Qualifier,13,3,13,46.01,270.01,0.57,33.3,1.0,No
CyberX,Flex,Desert Storm,Group Stage,18,10,16,52.95,223.24,0.36,52.88,0.97,No
Red Vortex,IGL,Desert Storm,Final,14,13,9,47.42,250.13,0.17,54.01,1.0,No
CyberX,Support,Neon City,Final,9,9,3,52.71,188.71,0.13,49.06,0.97,No
Team Alpha,Support,Neon City,Playoff,26,10,10,57.23,236.64,0.73,73.31,1.0,Yes
Titan Esports,Flex,Skyline,Playoff,15,11,13,39.88,219.81,0.84,39.54,0.75,No
Red Vortex,Entry Fragger,Skyline,Final,16,5,14,60.29,236.01,0.21,51.04,1.0,No
Titan Esports,Flex,Skyline,Group Stage,22,11,9,47.31,225.5,0.94,60.26,1.0,Yes
CyberX,Sniper,Neon City,Playoff,16,4,12,49.02,163.89,0.77,40.81,0.81,No
Titan Esports,Entry Fragger,Frozen Base,Qualifier,16,9,7,55.58,200.52,0.27,59.09,0.8,No
Team Nova,Sniper,Desert Storm,Qualifier,15,13,8,26.85,188.74,0.02,48.22,1.0,No
Red Vortex,Sniper,Neon City,Playoff,11,7,8,42.11,236.36,0.46,37.45,0.68,No
Phantom Squad,Flex,Neon City,Qualifier,12,9,15,47.18,172.18,0.06,40.99,0.99,No
Team Nova,Sniper,Frozen Base,Playoff,15,10,10,42.3,250.63,0.56,45.55,1.0,No
Red Vortex,Entry Fragger,Neon City,Final,17,14,9,49.32,221.32,0.03,63.36,1.0,Yes
CyberX,Support,Neon City,Semi-Final,15,8,14,53.02,216.89,0.68,43.71,1.0,No
Red Vortex,Sniper,Skyline,Final,15,6,10,27.49,236.44,0.29,36.84,0.76,No
CyberX,Support,Skyline,Qualifier,17,9,7,47.15,242.54,0.64,53.18,0.91,No
Red Vortex,Flex,Neon City,Playoff,21,5,10,36.51,181.82,0.77,47.55,0.97,No
Phantom Squad,Sniper,Frozen Base,Playoff,18,7,8,28.27,229.08,0.27,46.43,0.88,No
Team Nova,Entry Fragger,Frozen Base,Playoff,17,6,10,46.63,233.1,0.96,43.71,1.0,No
Team Nova,Flex,Skyline,Group Stage,16,7,14,50.25,257.67,0.26,47.52,0.99,No
Team Alpha,IGL,Skyline,Semi-Final,17,8,11,31.17,196.81,0.71,39.48,1.0,No
Titan Esports,Flex,Dust Arena,Playoff,12,5,12,41.56,208.38,0.96,28.18,0.76,No
Team Nova,Sniper,Desert Storm,Semi-Final,11,9,7,42.51,249.31,0.56,39.65,0.91,No
CyberX,Sniper,Skyline,Playoff,17,6,5,48.59,159.81,1.0,49.3,1.0,No
Red Vortex,Entry Fragger,Neon City,Playoff,12,12,12,51.56,189.85,0.66,43.18,1.0,No
CyberX,Entry Fragger,Frozen Base,Playoff,23,12,10,39.17,225.08,0.21,65.49,1.0,Yes
CyberX,Sniper,Skyline,Final,14,11,1,48.5,242.51,0.11,61.15,1.0,Yes
Red Vortex,Support,Skyline,Group Stage,15,14,13,48.7,231.07,0.35,51.85,0.99,No
CyberX,Flex,Desert Storm,Semi-Final,20,6,11,44.73,221.14,0.95,47.86,1.0,No
Team Nova,Entry Fragger,Dust Arena,Final,13,10,5,56.63,259.13,0.86,50.71,0.97,No
Phantom Squad,Support,Dust Arena,Playoff,18,9,12,46.84,221.77,0.43,52.12,0.99,No
Red Vortex,Flex,Skyline,Group Stage,23,3,6,45.13,236.51,0.56,59.96,1.0,No
Titan Esports,Support,Neon City,Final,19,7,11,53.41,216.08,0.23,58.41,0.98,No
CyberX,Sniper,Desert Storm,Group Stage,15,10,10,51.42,202.54,0.63,49.41,0.98,No
Titan Esports,IGL,Dust Arena,Semi-Final,13,7,11,55.97,140.02,0.27,47.28,0.89,No
CyberX,Entry Fragger,Skyline,Qualifier,8,6,8,55.69,203.83,0.24,39.45,0.85,No
Phantom Squad,IGL,Dust Arena,Playoff,8,3,6,48.41,212.92,0.87,28.5,0.93,No
Team Alpha,Entry Fragger,Skyline,Group Stage,20,9,5,56.25,210.7,0.87,63.42,0.95,Yes
Phantom Squad,Support,Desert Storm,Qualifier,15,11,10,50.23,228.87,0.92,46.91,1.0,No
CyberX,Entry Fragger,Dust Arena,Group Stage,12,12,12,63.55,213.14,0.82,47.58,0.98,No
Red Vortex,IGL,Skyline,Semi-Final,13,5,10,45.61,195.64,0.64,37.41,0.74,No
CyberX,IGL,Neon City,Semi-Final,12,3,2,55.7,165.97,0.18,51.05,0.92,No
Team Alpha,Support,Dust Arena,Playoff,21,9,12,55.31,202.42,0.96,57.05,0.99,No
Red Vortex,Sniper,Dust Arena,Semi-Final,19,8,9,58.39,201.67,0.78,58.39,1.0,No
Red Vortex,IGL,Dust Arena,Semi-Final,21,9,12,52.23,204.77,0.06,64.52,1.0,Yes
CyberX,Entry Fragger,Frozen Base,Playoff,16,7,14,39.13,178.89,0.87,35.86,0.66,No
CyberX,Entry Fragger,Desert Storm,Semi-Final,12,13,6,36.55,207.92,0.72,42.08,1.0,No
Team Alpha,Flex,Neon City,Semi-Final,12,5,8,39.45,183.58,0.77,33.02,0.68,No
Titan Esports,Entry Fragger,Frozen Base,Playoff,15,7,14,43.84,191.93,0.44,40.52,0.76,No
CyberX,Flex,Neon City,Group Stage,17,11,9,44.38,181.23,0.87,49.49,0.95,No
Red Vortex,Support,Frozen Base,Final,16,12,8,45.81,223.88,0.95,49.41,0.89,No
Phantom Squad,IGL,Dust Arena,Semi-Final,21,8,10,41.87,191.88,0.75,53.44,1.0,No
Team Alpha,Entry Fragger,Skyline,Playoff,20,6,10,60.3,234.31,0.37,62.45,1.0,Yes
Team Nova,Entry Fragger,Frozen Base,Playoff,14,8,12,34.59,201.43,0.54,35.9,0.7,No
Red Vortex,Flex,Neon City,Semi-Final,17,8,15,40.0,216.32,0.95,37.5,0.75,No
Red Vortex,Entry Fragger,Skyline,Final,15,3,4,51.2,205.59,0.94,45.2,0.89,No
Red Vortex,Entry Fragger,Desert Storm,Semi-Final,16,7,17,45.45,237.85,0.67,38.02,0.84,No
Red Vortex,Entry Fragger,Frozen Base,Playoff,8,9,7,42.13,262.82,0.13,37.77,0.72,No
CyberX,Flex,Neon City,Semi-Final,18,13,9,49.59,262.43,0.97,55.09,1.0,No
CyberX,Flex,Neon City,Group Stage,14,13,10,58.56,231.23,0.33,56.98,1.0,No
Red Vortex,IGL,Desert Storm,Semi-Final,16,7,11,48.17,197.84,0.46,47.48,0.78,No
Team Alpha,Support,Frozen Base,Qualifier,12,12,15,50.05,195.47,0.01,45.92,0.82,No
Titan Esports,Sniper,Neon City,Playoff,13,4,4,47.57,256.15,0.59,43.88,0.85,No
Team Nova,Entry Fragger,Frozen Base,Qualifier,16,6,11,35.2,145.01,0.04,44.2,0.87,No
CyberX,Support,Dust Arena,Final,12,8,6,42.17,231.13,0.34,43.69,0.85,No
Team Alpha,Entry Fragger,Skyline,Group Stage,18,12,7,34.2,163.44,0.31,55.0,1.0,No
Team Alpha,Flex,Frozen Base,Playoff,14,11,13,35.43,237.85,0.59,37.82,0.64,No
Team Alpha,Entry Fragger,Neon City,Playoff,14,4,14,34.64,231.73,0.08,34.52,0.82,No
Titan Esports,Flex,Frozen Base,Group Stage,16,5,10,36.54,236.93,0.46,40.67,0.72,No
Red Vortex,Support,Skyline,Semi-Final,14,15,13,62.56,245.68,0.12,60.08,0.87,Yes
Titan Esports,IGL,Skyline,Group Stage,13,8,5,49.64,229.46,0.75,46.32,0.87,No
Team Nova,Entry Fragger,Skyline,Final,18,9,11,45.49,244.32,0.68,49.95,0.95,No
Phantom Squad,Sniper,Dust Arena,Final,11,6,11,51.68,204.85,0.81,34.74,0.84,No
Red Vortex,Flex,Dust Arena,Qualifier,16,7,11,52.74,217.57,0.88,45.57,0.82,No
Red Vortex,Entry Fragger,Skyline,Playoff,16,9,18,51.69,175.06,0.06,48.24,0.95,No
Team Nova,Support,Desert Storm,Final,16,8,12,36.39,236.44,0.38,42.4,1.0,No
Red Vortex,Flex,Skyline,Group Stage,14,9,12,39.06,235.19,0.99,34.63,0.78,No
Phantom Squad,IGL,Neon City,Group Stage,18,6,12,52.23,187.55,0.21,54.01,0.91,No
Red Vortex,Sniper,Neon City,Playoff,20,11,11,61.55,239.81,0.33,67.48,1.0,Yes
Phantom Squad,Flex,Dust Arena,Group Stage,18,4,13,57.8,274.34,0.98,46.1,0.86,No
Red Vortex,Support,Neon City,Playoff,16,8,20,42.3,159.06,0.11,40.05,0.93,No
Phantom Squad,IGL,Dust Arena,Qualifier,14,5,14,35.92,170.78,0.62,30.76,0.88,No
CyberX,Flex,Skyline,Playoff,18,5,18,51.96,148.55,0.21,46.88,0.9,No
Titan Esports,Sniper,Dust Arena,Final,16,10,6,42.26,229.75,0.71,50.03,1.0,No
Phantom Squad,Entry Fragger,Frozen Base,Playoff,12,4,8,42.36,192.7,0.54,35.78,0.76,No
CyberX,Sniper,Neon City,Qualifier,12,12,15,48.22,205.62,0.62,38.91,0.78,No
CyberX,Support,Desert Storm,Qualifier,18,4,7,38.27,208.41,0.91,43.04,0.87,No
Phantom Squad,Support,Frozen Base,Final,17,11,13,46.28,216.28,0.84,46.74,0.97,No
Phantom Squad,IGL,Dust Arena,Group Stage,12,3,11,49.0,205.69,0.28,37.7,0.94,No
Team Alpha,IGL,Skyline,Group Stage,8,7,7,53.72,219.51,0.89,33.96,0.68,No
Team Nova,Support,Neon City,Final,19,12,16,50.12,203.2,0.27,56.36,0.84,No
Phantom Squad,Entry Fragger,Skyline,Qualifier,16,12,7,36.41,224.62,0.87,46.5,0.96,No
Red Vortex,Entry Fragger,Skyline,Semi-Final,14,14,7,47.98,223.95,0.75,51.49,0.98,No
Team Nova,Support,Neon City,Semi-Final,13,9,12,49.77,204.73,0.39,43.99,1.0,No
Titan Esports,IGL,Desert Storm,Qualifier,16,8,9,62.21,156.7,0.06,61.51,1.0,Yes
Phantom Squad,Flex,Frozen Base,Qualifier,11,6,7,33.06,255.03,0.72,30.33,0.73,No
Red Vortex,Entry Fragger,Neon City,Semi-Final,7,3,7,39.39,190.07,0.37,26.0,0.81,No
Titan Esports,Entry Fragger,Frozen Base,Semi-Final,21,9,9,42.03,189.07,0.18,61.22,1.0,Yes
Team Alpha,IGL,Dust Arena,Qualifier,9,11,10,50.33,172.73,0.57,38.47,0.86,No
Phantom Squad,Support,Skyline,Qualifier,9,7,6,39.73,223.17,0.03,38.56,1.0,No
Team Alpha,Flex,Dust Arena,Final,19,9,7,48.65,206.28,0.39,60.43,0.96,Yes
Phantom Squad,Flex,Dust Arena,Group Stage,16,6,10,36.26,249.55,0.74,38.73,1.0,No
Titan Esports,Entry Fragger,Dust Arena,Qualifier,16,7,10,48.72,231.91,0.02,53.16,1.0,No
CyberX,Flex,Dust Arena,Semi-Final,14,3,7,37.14,232.39,0.92,33.37,0.79,No
Team Alpha,Sniper,Dust Arena,Final,16,7,5,56.39,262.9,1.0,52.2,0.88,No
Red Vortex,Entry Fragger,Desert Storm,Playoff,12,6,6,56.41,192.13,0.49,47.3,0.98,No
Red Vortex,Flex,Desert Storm,Group Stage,19,7,11,52.48,221.48,0.57,54.54,1.0,No
Team Alpha,Support,Dust Arena,Semi-Final,15,5,11,47.86,189.86,0.01,47.83,1.0,No
Titan Esports,Sniper,Neon City,Final,19,4,11,53.09,248.34,0.61,51.45,0.99,No
Phantom Squad,IGL,Dust Arena,Qualifier,17,4,9,31.08,171.82,0.24,42.14,0.76,No
Red Vortex,Support,Dust Arena,Qualifier,21,12,12,57.4,217.12,0.98,60.9,1.0,Yes
Team Alpha,Sniper,Skyline,Qualifier,18,7,10,45.03,212.43,0.59,49.62,1.0,No
Phantom Squad,IGL,Desert Storm,Final,15,8,10,52.87,225.44,0.6,48.44,0.97,No
Team Alpha,Entry Fragger,Skyline,Qualifier,12,5,19,63.6,218.31,0.66,35.2,0.93,No
Titan Esports,Sniper,Neon City,Playoff,19,8,15,51.28,200.41,0.88,47.84,0.86,No
Team Alpha,Sniper,Frozen Base,Group Stage,12,9,7,60.09,197.76,0.97,46.34,1.0,No
Team Nova,IGL,Frozen Base,Final,19,6,9,47.22,218.26,0.01,58.51,1.0,No
Phantom Squad,Entry Fragger,Neon City,Qualifier,19,15,10,47.05,191.42,0.04,66.12,1.0,Yes
Titan Esports,Sniper,Desert Storm,Qualifier,16,10,14,34.77,210.97,0.89,36.49,0.79,No
Red Vortex,Support,Dust Arena,Group Stage,17,9,7,43.17,201.52,0.5,52.59,0.86,No
Phantom Squad,Support,Desert Storm,Final,20,9,4,26.73,220.69,0.22,56.16,1.0,No
CyberX,Sniper,Skyline,Semi-Final,14,9,10,56.56,174.82,0.35,51.78,1.0,No
CyberX,Sniper,Frozen Base,Group Stage,15,5,9,44.8,228.18,0.26,45.8,0.97,No
